haematuria,0.81610,0.18390
and,1.00000,0.00000
abdominal,0.00000,1.00000
aortic,0.00000,1.00000
aneurysm,0.00000,1.00000
.,1.00000,0.00000
left,1.00000,0.00000
loin,1.00000,0.00000
pain,0.99545,0.00455
in,1.00000,0.00000
a,1.00000,0.00000
patient,1.00000,0.00000
with,1.00000,0.00000
associated,1.00000,0.00000
the,1.00000,0.00000
radiological,1.00000,0.00000
finding,1.00000,0.00000
of,1.00000,0.00000
poorly,1.00000,0.00000
or,1.00000,0.00000
non,1.00000,0.00000
-,1.00000,0.00000
functioning,1.00000,0.00000
kidney,1.00000,0.00000
are,1.00000,0.00000
pathognomonic,1.00000,0.00000
features,1.00000,0.00000
aorto,0.00354,0.99646
renal,0.00354,0.99646
vein,0.00354,0.99646
fistula,0.00354,0.99646
,,1.00000,0.00000
condition,1.00000,0.00000
which,1.00000,0.00000
leaks,1.00000,0.00000
into,1.00000,0.00000
an,1.00000,0.00000
anomalous,0.99942,0.00058
retro,0.99942,0.00058
acanthosis,0.00000,1.00000
nigricans,0.00000,1.00000
is,1.00000,0.00000
thickened,1.00000,0.00000
velvety,1.00000,0.00000
hyperpigmented,1.00000,0.00000
skin,1.00000,0.00000
variety,1.00000,0.00000
endocrine,0.30548,0.69452
disorders,0.30548,0.69452
malignancies,0.30548,0.69452
medications,1.00000,0.00000
mechanical,1.00000,0.00000
stability,1.00000,0.00000
internal,1.00000,0.00000
fixation,1.00000,0.00000
fractured,0.30548,0.69452
phalanges,0.30548,0.69452
rigidity,1.00000,0.00000
five,1.00000,0.00000
techniques,1.00000,0.00000
tested,1.00000,0.00000
experimentally,1.00000,0.00000
compared,1.00000,0.00000
clinical,1.00000,0.00000
relevance,1.00000,0.00000
discussed,1.00000,0.00000
cell,0.00000,1.00000
carcinoma,0.00000,1.00000
concurrent,1.00000,0.00000
urothelial,0.00000,1.00000
urinary,0.24543,0.75457
bladder,0.24543,0.75457
hodgkin,0.00000,1.00000
lymphoma,0.00000,1.00000
we,1.00000,0.00000
report,1.00000,0.00000
case,1.00000,0.00000
71,1.00000,0.00000
year,1.00000,0.00000
old,1.00000,0.00000
male,1.00000,0.00000
multiple,1.00000,0.00000
primary,1.00000,0.00000
involving,0.99942,0.00058
combined,1.00000,0.00000
synchronous,0.30270,0.69730
was,1.00000,0.00000
admitted,1.00000,0.00000
to,1.00000,0.00000
hospital,1.00000,0.00000
because,1.00000,0.00000
painless,1.00000,0.00000
gross,1.00000,0.00000
hematuria,0.24808,0.75192
examination,1.00000,0.00000
revealed,1.00000,0.00000
tumor,0.00000,1.00000
right,0.83102,0.16898
papillary,0.00455,0.99545
enlarged,1.00000,0.00000
lymph,1.00000,0.00000
nodes,1.00000,0.00000
along,1.00000,0.00000
aorta,1.00000,0.00000
inferior,1.00000,0.00000
vena,1.00000,0.00000
cava,1.00000,0.00000
transurethral,0.99633,0.00367
resection,0.99633,0.00367
(,1.00000,0.00000
tur,1.00000,0.00000
),1.00000,0.00000
radical,1.00000,0.00000
nephrectomy,1.00000,0.00000
retroperitoneal,1.00000,0.00000
lymphadenectomy,1.00000,0.00000
were,1.00000,0.00000
performed,1.00000,0.00000
pathohistologic,1.00000,0.00000
evaluation,1.00000,0.00000
together,1.00000,0.00000
immunohistochemistry,1.00000,0.00000
gave,1.00000,0.00000
final,1.00000,0.00000
diagnosis,1.00000,0.00000
rcc,0.00000,1.00000
b,0.00000,1.00000
small,0.00000,1.00000
cll,0.00000,1.00000
scanning,1.00000,0.00000
electron,1.00000,0.00000
microscopy,1.00000,0.00000
human,1.00000,0.00000
zonule,1.00000,0.00000
lens,1.00000,0.00000
zonula,1.00000,0.00000
ciliaris,1.00000,0.00000
present,1.00000,0.00000
study,1.00000,0.00000
eight,1.00000,0.00000
eyeballs,1.00000,0.00000
specifically,1.00000,0.00000
prepared,1.00000,0.00000
for,1.00000,0.00000
microscopic,1.00000,0.00000
observation,1.00000,0.00000
consisted,1.00000,0.00000
two,1.00000,0.00000
main,1.00000,0.00000
layers,1.00000,0.00000
radial,1.00000,0.00000
fibres,1.00000,0.00000
anterior,1.00000,0.00000
posterior,1.00000,0.00000
one,1.00000,0.00000
that,1.00000,0.00000
inserted,1.00000,0.00000
on,1.00000,0.00000
capsules,1.00000,0.00000
respectively,1.00000,0.00000
some,1.00000,0.00000
equator,1.00000,0.00000
zonular,1.00000,0.00000
originated,1.00000,0.00000
at,1.00000,0.00000
pars,1.00000,0.00000
plana,1.00000,0.00000
entered,1.00000,0.00000
dorsal,1.00000,0.00000
part,1.00000,0.00000
ciliary,1.00000,0.00000
valleys,1.00000,0.00000
then,1.00000,0.00000
changed,1.00000,0.00000
their,1.00000,0.00000
direction,1.00000,0.00000
towards,1.00000,0.00000
face,1.00000,0.00000
capsule,1.00000,0.00000
by,1.00000,0.00000
branched,1.00000,0.00000
endings,1.00000,0.00000
1,1.00000,0.00000
mm,1.00000,0.00000
behind,1.00000,0.00000
mainly,1.00000,0.00000
occasionally,1.00000,0.00000
after,1.00000,0.00000
running,1.00000,0.00000
completely,1.00000,0.00000
through,1.00000,0.00000
close,1.00000,0.00000
contact,1.00000,0.00000
lateral,1.00000,0.00000
walls,1.00000,0.00000
processes,1.00000,0.00000
they,1.00000,0.00000
plicata,1.00000,0.00000
reached,1.00000,0.00000
insertions,1.00000,0.00000
achieved,1.00000,0.00000
webbed,1.00000,0.00000
diffused,1.00000,0.00000
2,1.00000,0.00000
front,1.00000,0.00000
extraordinary,1.00000,0.00000
distension,1.00000,0.00000
capacity,1.00000,0.00000
demonstrated,1.00000,0.00000
pulling,1.00000,0.00000
hydrodissection,1.00000,0.00000
as,1.00000,0.00000
consequence,1.00000,0.00000
stretched,1.00000,0.00000
up,1.00000,0.00000
four,1.00000,0.00000
times,1.00000,0.00000
original,1.00000,0.00000
length,1.00000,0.00000
without,1.00000,0.00000
breaking,1.00000,0.00000
disinserting,1.00000,0.00000
sonographic,1.00000,0.00000
pseudokidney,1.00000,0.00000
when,1.00000,0.00000
interpreting,1.00000,0.00000
sonograms,1.00000,0.00000
should,1.00000,0.00000
be,1.00000,0.00000
aware,1.00000,0.00000
possibility,1.00000,0.00000
mistaking,1.00000,0.00000
fat,1.00000,0.00000
scarring,1.00000,0.00000
fossa,1.00000,0.00000
normal,1.00000,0.00000
history,1.00000,0.00000
prior,1.00000,0.00000
doubt,1.00000,0.00000
ultrasound,1.00000,0.00000
findings,1.00000,0.00000
confirmed,1.00000,0.00000
ct,1.00000,0.00000
scan,1.00000,0.00000
color,1.00000,0.00000
pattern,1.00000,0.00000
reversal,1.00000,0.00000
visual,1.00000,0.00000
evoked,1.00000,0.00000
potential,1.00000,0.00000
eyes,1.00000,0.00000
ocular,0.99646,0.00354
hypertension,0.69730,0.30270
open,0.00000,1.00000
angle,0.00000,1.00000
glaucoma,0.00000,1.00000
testing,1.00000,0.00000
99,1.00000,0.00000
27,1.00000,0.00000
30,1.00000,0.00000
use,1.00000,0.00000
black,1.00000,0.00000
white,1.00000,0.00000
red,1.00000,0.00000
blue,1.00000,0.00000
checkerboard,1.00000,0.00000
stimuli,1.00000,0.00000
p1,1.00000,0.00000
wave,1.00000,0.00000
peak,1.00000,0.00000
time,1.00000,0.00000
amplitude,1.00000,0.00000
significantly,1.00000,0.00000
different,1.00000,0.00000
from,1.00000,0.00000
those,1.00000,0.00000
age,1.00000,0.00000
similar,1.00000,0.00000
especially,1.00000,0.00000
checkerboards,1.00000,0.00000
p,1.00000,0.00000
less,1.00000,0.00000
than,1.00000,0.00000
0,1.00000,0.00000
001,1.00000,0.00000
differences,1.00000,0.00000
between,1.00000,0.00000
hypertensive,1.00000,0.00000
glaucomatous,0.86422,0.13578
significance,1.00000,0.00000
difference,1.00000,0.00000
may,1.00000,0.00000
serve,1.00000,0.00000
important,1.00000,0.00000
parameter,1.00000,0.00000
early,1.00000,0.00000
comparison,1.00000,0.00000
secretory,1.00000,0.00000
iga,1.00000,0.00000
igg,1.00000,0.00000
isotype,1.00000,0.00000
levels,1.00000,0.00000
palatal,1.00000,0.00000
secretions,1.00000,0.00000
denture,0.00000,1.00000
stomatitis,0.00000,1.00000
patients,1.00000,0.00000
wearers,1.00000,0.00000
having,1.00000,0.00000
clinically,1.00000,0.00000
healthy,1.00000,0.00000
palates,1.00000,0.00000
inflammatory,0.83333,0.16667
affecting,1.00000,0.00000
mucosa,1.00000,0.00000
covered,1.00000,0.00000
aetiology,1.00000,0.00000
multifactorial,1.00000,0.00000
poor,1.00000,0.00000
hygiene,1.00000,0.00000
constant,1.00000,0.00000
wearing,1.00000,0.00000
trauma,0.99646,0.00354
colonisation,1.00000,0.00000
candida,1.00000,0.00000
species,1.00000,0.00000
inflamed,0.99942,0.00058
tissues,0.99942,0.00058
raised,1.00000,0.00000
albumin,1.00000,0.00000
isotypes,1.00000,0.00000
siga,1.00000,0.00000
would,1.00000,0.00000
expected,1.00000,0.00000
major,1.00000,0.00000
component,1.00000,0.00000
protective,1.00000,0.00000
immunological,1.00000,0.00000
response,1.00000,0.00000
mucosal,1.00000,0.00000
injection,1.00000,0.00000
21,1.00000,0.00000
22,1.00000,0.00000
analysed,1.00000,0.00000
found,1.00000,0.00000
higher,1.00000,0.00000
palate,1.00000,0.00000
unexpectedly,1.00000,0.00000
<,1.00000,0.00000
05,1.00000,0.00000
lower,1.00000,0.00000
percutaneous,1.00000,0.00000
support,1.00000,0.00000
failing,0.99942,0.00058
heart,0.99942,0.00058
ventricular,0.00000,1.00000
rv,0.00000,1.00000
failure,0.00000,1.00000
increasingly,1.00000,0.00000
common,1.00000,0.00000
problem,1.00000,0.00000
require,1.00000,0.00000
contrast,1.00000,0.00000
severe,1.00000,0.00000
typically,1.00000,0.00000
more,1.00000,0.00000
reversible,1.00000,0.00000
therefore,1.00000,0.00000
application,1.00000,0.00000
shorter,1.00000,0.00000
term,1.00000,0.00000
devices,1.00000,0.00000
potentially,1.00000,0.00000
attractive,1.00000,0.00000
current,1.00000,0.00000
innovations,1.00000,0.00000
promise,1.00000,0.00000
greater,1.00000,0.00000
availability,1.00000,0.00000
such,1.00000,0.00000
this,1.00000,0.00000
article,1.00000,0.00000
considers,1.00000,0.00000
available,1.00000,0.00000
approaches,1.00000,0.00000
provide,1.00000,0.00000
hemodynamic,1.00000,0.00000
treat,1.00000,0.00000
profound,1.00000,0.00000
scenarios,1.00000,0.00000
most,1.00000,0.00000
beneficial,1.00000,0.00000
tetralogy,0.00367,0.99633
fallot,0.00367,0.99633
levoatrial,0.00000,1.00000
cardinal,0.00000,1.00000
rare,1.00000,0.00000
congenital,0.26485,0.73515
anomaly,0.26485,0.73515
systemic,0.26485,0.73515
veins,0.26485,0.73515
it,1.00000,0.00000
frequently,1.00000,0.00000
side,0.26485,0.73515
obstructive,0.26485,0.73515
anomalies,0.26485,0.73515
innominate,1.00000,0.00000
absent,1.00000,0.00000
upper,1.00000,0.00000
pulmonary,1.00000,0.00000
connected,1.00000,0.00000
there,1.00000,0.00000
no,1.00000,0.00000
root,1.00000,0.00000
replacement,1.00000,0.00000
cardiac,0.69730,0.30270
dextroversion,0.16898,0.83102
adult,1.00000,0.00000
surgery,1.00000,0.00000
malrotation,0.18390,0.81610
60,1.00000,0.00000
lady,1.00000,0.00000
known,1.00000,0.00000
presented,1.00000,0.00000
dyspnoea,0.99942,0.00058
pre,0.99942,0.00058
syncopal,0.99942,0.00058
attacks,0.99942,0.00058
echocardiographical,1.00000,0.00000
investigation,1.00000,0.00000
clockwise,1.00000,0.00000
rotation,1.00000,0.00000
its,1.00000,0.00000
longitudinal,1.00000,0.00000
axis,1.00000,0.00000
resulted,1.00000,0.00000
outflow,1.00000,0.00000
tract,1.00000,0.00000
artery,1.00000,0.00000
being,1.00000,0.00000
wrapped,1.00000,0.00000
anteriorly,1.00000,0.00000
around,1.00000,0.00000
displacement,1.00000,0.00000
atrium,1.00000,0.00000
presence,1.00000,0.00000
heavily,1.00000,0.00000
calcified,0.99942,0.00058
bicuspid,0.24808,0.75192
valve,0.24808,0.75192
dilated,0.81610,0.18390
ascending,0.81610,0.18390
also,1.00000,0.00000
venous,1.00000,0.00000
cannulation,1.00000,0.00000
established,1.00000,0.00000
rotating,1.00000,0.00000
anticlockwise,1.00000,0.00000
access,1.00000,0.00000
gained,1.00000,0.00000
superior,1.00000,0.00000
oblique,1.00000,0.00000
aortotomy,1.00000,0.00000
replaced,1.00000,0.00000
valved,1.00000,0.00000
conduit,1.00000,0.00000
authors,1.00000,0.00000
',1.00000,0.00000
knowledge,1.00000,0.00000
first,1.00000,0.00000
iatrogenic,0.30270,0.69730
cyanosis,0.00354,0.99646
clubbing,0.16667,0.83333
:,1.00000,0.00000
25,1.00000,0.00000
years,1.00000,0.00000
chronic,0.99545,0.00455
hypoxia,0.24808,0.75192
repair,1.00000,0.00000
atrial,0.00000,1.00000
septal,0.00000,1.00000
defect,0.00000,1.00000
sinus,0.30270,0.69730
venosus,0.30270,0.69730
caval,1.00000,0.00000
type,1.00000,0.00000
unintentional,1.00000,0.00000
diversion,1.00000,0.00000
blood,1.00000,0.00000
reported,1.00000,0.00000
long,1.00000,0.00000
standing,1.00000,0.00000
anatomical,1.00000,0.00000
shunting,1.00000,0.00000
cerebrovascular,0.83333,0.16667
complications,0.83333,0.16667
risks,1.00000,0.00000
depend,1.00000,0.00000
absence,1.00000,0.00000
hematological,0.83333,0.16667
abnormalities,0.83333,0.16667
degree,1.00000,0.00000
magnetic,1.00000,0.00000
resonance,1.00000,0.00000
imaging,1.00000,0.00000
clarified,1.00000,0.00000
etiology,1.00000,0.00000
unexplained,1.00000,0.00000
delineated,1.00000,0.00000
surgical,1.00000,0.00000
anatomy,1.00000,0.00000
radioimmunoassay,1.00000,0.00000
immunoreactive,1.00000,0.00000
c,1.00000,0.00000
terminal,1.00000,0.00000
big,1.00000,0.00000
endothelin,1.00000,0.00000
38,1.00000,0.00000
potent,1.00000,0.00000
endogenous,1.00000,0.00000
vaso,1.00000,0.00000
constrictor,1.00000,0.00000
derived,1.00000,0.00000
biosynthetic,1.00000,0.00000
precursor,1.00000,0.00000
proteolytic,1.00000,0.00000
degradation,1.00000,0.00000
last,1.00000,0.00000
step,1.00000,0.00000
cleaves,1.00000,0.00000
fragment,1.00000,0.00000
have,1.00000,0.00000
developed,1.00000,0.00000
peptide,1.00000,0.00000
based,1.00000,0.00000
antiserum,1.00000,0.00000
recognizing,1.00000,0.00000
sequence,1.00000,0.00000
cross,1.00000,0.00000
reacting,1.00000,0.00000
intact,1.00000,0.00000
test,1.00000,0.00000
plasma,1.00000,0.00000
samples,1.00000,0.00000
extracted,1.00000,0.00000
passage,1.00000,0.00000
c18,1.00000,0.00000
silica,1.00000,0.00000
cartridges,1.00000,0.00000
desorption,1.00000,0.00000
methanol,1.00000,0.00000
/,1.00000,0.00000
water,1.00000,0.00000
volume,1.00000,0.00000
fraction,1.00000,0.00000
8,1.00000,0.00000
yields,1.00000,0.00000
purification,1.00000,0.00000
concentration,1.00000,0.00000
procedure,1.00000,0.00000
about,1.00000,0.00000
70,1.00000,0.00000
%,1.00000,0.00000
15,1.00000,0.00000
persons,1.00000,0.00000
concentrations,1.00000,0.00000
11,1.00000,0.00000
pmol,1.00000,0.00000
l,1.00000,0.00000
10,1.00000,0.00000
fold,1.00000,0.00000
reference,1.00000,0.00000
thus,1.00000,0.00000
peptides,1.00000,0.00000
containing,1.00000,0.00000
but,1.00000,0.00000
do,1.00000,0.00000
circulate,1.00000,0.00000
if,1.00000,0.00000
sufficiently,1.00000,0.00000
tight,1.00000,0.00000
correlation,1.00000,0.00000
circulating,1.00000,0.00000
can,1.00000,0.00000
proven,1.00000,0.00000
facilitate,1.00000,0.00000
studies,1.00000,0.00000
physiological,1.00000,0.00000
role,1.00000,0.00000
visualization,1.00000,0.00000
heterogeneous,1.00000,0.00000
membrane,1.00000,0.00000
distribution,1.00000,0.00000
sphingomyelin,1.00000,0.00000
cytokinesis,1.00000,0.00000
polarity,1.00000,0.00000
sphingolipidosis,0.00000,1.00000
sm,1.00000,0.00000
sphingolipid,1.00000,0.00000
mammalian,1.00000,0.00000
cells,1.00000,0.00000
form,1.00000,0.00000
specific,1.00000,0.00000
lipid,1.00000,0.00000
domains,1.00000,0.00000
cholesterol,1.00000,0.00000
however,1.00000,0.00000
methods,1.00000,0.00000
examine,1.00000,0.00000
limited,1.00000,0.00000
model,1.00000,0.00000
membranes,1.00000,0.00000
fluorescent,1.00000,0.00000
protein,1.00000,0.00000
conjugates,1.00000,0.00000
binding,1.00000,0.00000
toxins,1.00000,0.00000
lysenin,1.00000,0.00000
lys,1.00000,0.00000
equinatoxin,1.00000,0.00000
ii,1.00000,0.00000
eqtii,1.00000,0.00000
recognize,1.00000,0.00000
distributions,1.00000,0.00000
;,1.00000,0.00000
exclusively,1.00000,0.00000
binds,1.00000,0.00000
clustered,1.00000,0.00000
whereas,1.00000,0.00000
preferentially,1.00000,0.00000
dispersed,1.00000,0.00000
freeze,1.00000,0.00000
fracture,1.00000,0.00000
immunoelectron,1.00000,0.00000
showed,1.00000,0.00000
not,1.00000,0.00000
formed,1.00000,0.00000
surface,1.00000,0.00000
glycolipids,1.00000,0.00000
affect,1.00000,0.00000
using,1.00000,0.00000
derivatives,1.00000,0.00000
sensitive,1.00000,0.00000
probes,1.00000,0.00000
exclusive,1.00000,0.00000
accumulation,1.00000,0.00000
clusters,1.00000,0.00000
midbody,1.00000,0.00000
interestingly,1.00000,0.00000
apical,1.00000,0.00000
differentiated,1.00000,0.00000
epithelial,1.00000,0.00000
exhibited,1.00000,0.00000
basolateral,1.00000,0.00000
acid,1.00000,0.00000
sphingomyelinase,1.00000,0.00000
deficient,1.00000,0.00000
niemann,0.00000,1.00000
pick,0.00000,1.00000
these,1.00000,0.00000
data,1.00000,0.00000
suggest,1.00000,0.00000
both,1.00000,0.00000
content,1.00000,0.00000
crucial,1.00000,0.00000
pathophysiological,1.00000,0.00000
events,1.00000,0.00000
bringing,1.00000,0.00000
therapeutic,1.00000,0.00000
perspective,1.00000,0.00000
makino,1.00000,0.00000
abe,1.00000,0.00000
m,1.00000,0.00000
murate,1.00000,0.00000
inaba,1.00000,0.00000
t,1.00000,0.00000
yilmaz,1.00000,0.00000
n,1.00000,0.00000
hullin,1.00000,0.00000
matsuda,1.00000,0.00000
f,1.00000,0.00000
kishimoto,1.00000,0.00000
schieber,1.00000,0.00000
taguchi,1.00000,0.00000
arai,1.00000,0.00000
h,1.00000,0.00000
anderluh,1.00000,0.00000
g,1.00000,0.00000
parton,1.00000,0.00000
r,1.00000,0.00000
kobayashi,1.00000,0.00000
improvement,1.00000,0.00000
eeg,1.00000,0.00000
signal,1.00000,0.00000
acquisition,1.00000,0.00000
electrical,1.00000,0.00000
aspect,1.00000,0.00000
state,1.00000,0.00000
art,1.00000,0.00000
end,1.00000,0.00000
aim,1.00000,0.00000
practical,1.00000,0.00000
considerations,1.00000,0.00000
acquiring,1.00000,0.00000
satisfactory,1.00000,0.00000
signals,1.00000,0.00000
electroencephalographic,1.00000,0.00000
users,1.00000,0.00000
system,1.00000,0.00000
designers,1.00000,0.00000
choosing,1.00000,0.00000
correct,1.00000,0.00000
electrode,1.00000,0.00000
design,1.00000,0.00000
strategy,1.00000,0.00000
initial,1.00000,0.00000
electronic,1.00000,0.00000
circuitry,1.00000,0.00000
plays,1.00000,0.00000
improving,1.00000,0.00000
s,1.00000,0.00000
measurement,1.00000,0.00000
performance,1.00000,0.00000
considering,1.00000,0.00000
pitfalls,1.00000,0.00000
biopotential,1.00000,0.00000
recording,1.00000,0.00000
session,1.00000,0.00000
conditions,1.00000,0.00000
creates,1.00000,0.00000
better,1.00000,0.00000
accuracy,1.00000,0.00000
electroencephalogram,1.00000,0.00000
electrodes,1.00000,0.00000
electronics,1.00000,0.00000
including,1.00000,0.00000
filtering,1.00000,0.00000
amplifying,1.00000,0.00000
conversion,1.00000,0.00000
storing,1.00000,0.00000
environmental,1.00000,0.00000
paper,1.00000,0.00000
principles,1.00000,0.00000
points,1.00000,0.00000
noise,1.00000,0.00000
reduction,1.00000,0.00000
suggestions,1.00000,0.00000
comparative,1.00000,0.00000
vitro,1.00000,0.00000
activity,1.00000,0.00000
new,1.00000,0.00000
oral,1.00000,0.00000
cephalosporin,1.00000,0.00000
bmy,1.00000,0.00000
28100,1.00000,0.00000
broth,1.00000,0.00000
microdilution,1.00000,0.00000
method,1.00000,0.00000
against,1.00000,0.00000
365,1.00000,0.00000
strains,1.00000,0.00000
commonly,1.00000,0.00000
isolated,1.00000,0.00000
bacteria,1.00000,0.00000
determined,1.00000,0.00000
good,1.00000,0.00000
streptococci,1.00000,0.00000
methicillin,1.00000,0.00000
susceptible,1.00000,0.00000
staphylococci,1.00000,0.00000
salmonella,1.00000,0.00000
spp,1.00000,0.00000
shigella,1.00000,0.00000
beta,1.00000,0.00000
lactamase,1.00000,0.00000
producing,1.00000,0.00000
branhamella,1.00000,0.00000
catarrhalis,1.00000,0.00000
haemophilus,1.00000,0.00000
influenzae,1.00000,0.00000
organisms,1.00000,0.00000
comparable,1.00000,0.00000
penicillin,1.00000,0.00000
ampicillin,1.00000,0.00000
co,1.00000,0.00000
trimoxazole,1.00000,0.00000
erythromycin,1.00000,0.00000
cefaclor,1.00000,0.00000
doxycycline,1.00000,0.00000
amoxicillin,1.00000,0.00000
potassium,1.00000,0.00000
clavulanate,1.00000,0.00000
had,1.00000,0.00000
moderate,1.00000,0.00000
arizona,1.00000,0.00000
hinshawii,1.00000,0.00000
campylobacter,1.00000,0.00000
jejuni,1.00000,0.00000
yersinia,1.00000,0.00000
enterocolitica,1.00000,0.00000
reimplantation,1.00000,0.00000
ectopic,1.00000,0.00000
ureter,1.00000,0.00000
duplex,1.00000,0.00000
separate,1.00000,0.00000
unit,1.00000,0.00000
provided,1.00000,0.00000
alternative,1.00000,0.00000
ureters,0.26485,0.73515
whom,1.00000,0.00000
ureteroureterostomy,1.00000,0.00000
double,1.00000,0.00000
might,1.00000,0.00000
compromised,1.00000,0.00000
smaller,1.00000,0.00000
caliber,1.00000,0.00000
folliculitis,0.00000,1.00000
follicular,0.00000,1.00000
mucinosis,0.00000,1.00000
papular,0.00000,1.00000
presentation,1.00000,0.00000
myelomonocytic,0.00000,1.00000
leukemia,0.00000,1.00000
leukemias,0.00000,1.00000
lymphomas,0.00000,1.00000
indolent,1.00000,0.00000
surprisingly,1.00000,0.00000
unusual,1.00000,0.00000
manners,1.00000,0.00000
although,1.00000,0.00000
uncommon,1.00000,0.00000
lesions,0.83333,0.16667
eosinophilic,0.00367,0.99633
been,1.00000,0.00000
association,1.00000,0.00000
novel,1.00000,0.00000
associations,1.00000,0.00000
acute,0.83333,0.16667
straight,0.83333,0.16667
instability,0.83333,0.16667
knee,0.83333,0.16667
ligamentous,0.99942,0.00058
injuries,0.99942,0.00058
joint,0.99942,0.00058
represent,1.00000,0.00000
orthopaedic,1.00000,0.00000
damage,0.99942,0.00058
supporting,0.99942,0.00058
structures,0.99942,0.00058
relatively,1.00000,0.00000
occurrence,1.00000,0.00000
osteosarcoma,0.00000,1.00000
medial,0.99633,0.00367
cuniform,0.99633,0.00367
bone,0.99633,0.00367
malignancy,0.00000,1.00000
childhood,1.00000,0.00000
adolescent,1.00000,0.00000
related,1.00000,0.00000
marrow,1.00000,0.00000
usually,1.00000,0.00000
occurs,1.00000,0.00000
bones,1.00000,0.00000
foot,1.00000,0.00000
very,1.00000,0.00000
here,1.00000,0.00000
i,1.00000,0.00000
tried,1.00000,0.00000
cuneiform,0.83102,0.16898
responding,1.00000,0.00000
evidence,1.00000,0.00000
breastfeed,1.00000,0.00000
baby,1.00000,0.00000
you,1.00000,0.00000
sixth,1.00000,0.00000
public,1.00000,0.00000
health,1.00000,0.00000
recommendation,1.00000,0.00000
reduce,1.00000,0.00000
risk,1.00000,0.00000
sudden,0.26485,0.73515
unexpected,0.26485,0.73515
death,0.26485,0.73515
infancy,0.83102,0.16898
abundant,1.00000,0.00000
recognises,1.00000,0.00000
breastfeeding,1.00000,0.00000
significant,1.00000,0.00000
short,1.00000,0.00000
benefits,1.00000,0.00000
infant,1.00000,0.00000
mother,1.00000,0.00000
until,1.00000,0.00000
recently,1.00000,0.00000
independent,1.00000,0.00000
factor,1.00000,0.00000
reducing,1.00000,0.00000
remained,1.00000,0.00000
unclear,1.00000,0.00000
october,1.00000,0.00000
2010,1.00000,0.00000
sids,0.00058,0.99942
kids,1.00000,0.00000
australia,1.00000,0.00000
held,1.00000,0.00000
consensus,1.00000,0.00000
forum,1.00000,0.00000
international,1.00000,0.00000
researchers,1.00000,0.00000
key,1.00000,0.00000
stakeholders,1.00000,0.00000
review,1.00000,0.00000
relating,1.00000,0.00000
safe,1.00000,0.00000
sleeping,1.00000,0.00000
recommendations,1.00000,0.00000
following,1.00000,0.00000
publication,1.00000,0.00000
reviews,1.00000,0.00000
national,1.00000,0.00000
scientific,1.00000,0.00000
advisory,1.00000,0.00000
group,1.00000,0.00000
has,1.00000,0.00000
supported,1.00000,0.00000
decision,1.00000,0.00000
critical,1.00000,0.00000
threshold,1.00000,0.00000
within,1.00000,0.00000
supportive,1.00000,0.00000
measure,1.00000,0.00000
will,1.00000,0.00000
included,1.00000,0.00000
2012,1.00000,0.00000
campaign,1.00000,0.00000
abusive,0.81610,0.18390
head,0.24808,0.75192
infants,1.00000,0.00000
young,1.00000,0.00000
children,1.00000,0.00000
unique,1.00000,0.00000
contributor,1.00000,0.00000
developmental,0.24808,0.75192
disabilities,0.24808,0.75192
leading,1.00000,0.00000
cause,1.00000,0.00000
disability,1.00000,0.00000
child,0.24808,0.75192
abuse,0.24808,0.75192
discusses,1.00000,0.00000
epidemiology,1.00000,0.00000
aspects,1.00000,0.00000
outcomes,1.00000,0.00000
prevention,1.00000,0.00000
neglect,1.00000,0.00000
osteotomy,1.00000,0.00000
sacrum,1.00000,0.00000
malignant,0.16667,0.83333
iliac,0.00000,1.00000
modified,1.00000,0.00000
threadwire,1.00000,0.00000
saw,1.00000,0.00000
tumors,0.00455,0.99545
conducted,1.00000,0.00000
issignificantly,1.00000,0.00000
wide,1.00000,0.00000
rapid,1.00000,0.00000
septic,0.00000,1.00000
arthritis,0.00000,1.00000
hip,1.00000,0.00000
delay,1.00000,0.00000
treatment,1.00000,0.00000
lead,1.00000,0.00000
permanent,1.00000,0.00000
difficult,1.00000,0.00000
management,1.00000,0.00000
reviewed,1.00000,0.00000
epidemiological,1.00000,0.00000
median,0.26485,0.73515
nerve,0.26485,0.73515
dysfunction,0.26485,0.73515
practicing,1.00000,0.00000
dental,1.00000,0.00000
hygienists,1.00000,0.00000
purpose,1.00000,0.00000
assess,1.00000,0.00000
over,1.00000,0.00000
changes,1.00000,0.00000
function,1.00000,0.00000
20,1.00000,0.00000
students,1.00000,0.00000
who,1.00000,0.00000
university,1.00000,0.00000
minnesota,1.00000,0.00000
program,1.00000,0.00000
1986,1.00000,0.00000
follow,1.00000,0.00000
16,1.00000,0.00000
evaluated,1.00000,0.00000
postgraduation,1.00000,0.00000
1990,1.00000,0.00000
comparisons,1.00000,0.00000
made,1.00000,0.00000
evaluations,1.00000,0.00000
subjects,1.00000,0.00000
completed,1.00000,0.00000
graduation,1.00000,0.00000
1988,1.00000,0.00000
1989,1.00000,0.00000
digital,1.00000,0.00000
vibrometry,1.00000,0.00000
used,1.00000,0.00000
evaluate,1.00000,0.00000
sensibility,1.00000,0.00000
each,1.00000,0.00000
periods,1.00000,0.00000
studied,1.00000,0.00000
analysis,1.00000,0.00000
practice,1.00000,0.00000
mean,1.00000,0.00000
shift,1.00000,0.00000
04,1.00000,0.00000
42,1.00000,0.00000
measured,1.00000,0.00000
results,1.00000,0.00000
indicated,1.00000,0.00000
observed,1.00000,0.00000
earlier,1.00000,0.00000
arrested,1.00000,0.00000
reasons,1.00000,0.00000
appeared,1.00000,0.00000
twofold,1.00000,0.00000
period,1.00000,0.00000
work,1.00000,0.00000
hardening,1.00000,0.00000
concept,1.00000,0.00000
neuromuscular,0.83102,0.16898
tissue,0.83102,0.16898
hypertrophy,0.99633,0.00367
adaptation,1.00000,0.00000
rigors,1.00000,0.00000
hygienist,1.00000,0.00000
learned,1.00000,0.00000
become,1.00000,0.00000
efficient,1.00000,0.00000
provision,1.00000,0.00000
procedures,1.00000,0.00000
symptoms,1.00000,0.00000
none,1.00000,0.00000
diagnosed,1.00000,0.00000
cts,0.00000,1.00000
any,1.00000,0.00000
during,1.00000,0.00000
since,1.00000,0.00000
continued,1.00000,0.00000
necessary,1.00000,0.00000
determine,1.00000,0.00000
whether,1.00000,0.00000
observations,1.00000,0.00000
noted,1.00000,0.00000
second,1.00000,0.00000
temporary,1.00000,0.00000
slowing,1.00000,0.00000
development,1.00000,0.00000
split,1.00000,0.00000
intrarenal,1.00000,0.00000
hemodynamics,1.00000,0.00000
renovascular,0.00000,1.00000
stenotic,1.00000,0.00000
contralateral,1.00000,0.00000
kidneys,1.00000,0.00000
unilateral,0.86422,0.13578
rvh,0.00000,1.00000
estimated,1.00000,0.00000
gomez,1.00000,0.00000
formulae,1.00000,0.00000
ten,1.00000,0.00000
para,1.00000,0.00000
amino,1.00000,0.00000
hippurate,1.00000,0.00000
inulin,1.00000,0.00000
clearances,1.00000,0.00000
ureteral,1.00000,0.00000
catheterization,1.00000,0.00000
indexes,1.00000,0.00000
flow,1.00000,0.00000
glomerular,1.00000,0.00000
filtration,1.00000,0.00000
rates,1.00000,0.00000
allowing,1.00000,0.00000
estimation,1.00000,0.00000
preglomerular,1.00000,0.00000
arteriolar,1.00000,0.00000
resistance,1.00000,0.00000
postglomerular,1.00000,0.00000
hydrostatic,1.00000,0.00000
pressure,1.00000,0.00000
83,1.00000,0.00000
+,1.00000,0.00000
12,1.00000,0.00000
19,1.00000,0.00000
ml,1.00000,0.00000
min,1.00000,0.00000
m2,1.00000,0.00000
170,1.00000,0.00000
43,1.00000,0.00000
4,1.00000,0.00000
elevated,1.00000,0.00000
due,1.00000,0.00000
lesion,1.00000,0.00000
900,1.00000,0.00000
500,1.00000,0.00000
dyns,1.00000,0.00000
sec,1.00000,0.00000
cm,1.00000,0.00000
5,1.00000,0.00000
while,1.00000,0.00000
elevation,1.00000,0.00000
300,1.00000,0.00000
000,1.00000,0.00000
high,1.00000,0.00000
lowered,1.00000,0.00000
54,1.00000,0.00000
mmhg,1.00000,0.00000
3,1.00000,0.00000
protected,1.00000,0.00000
138,1.00000,0.00000
6,1.00000,0.00000
stenosis,0.83333,0.16667
increase,1.00000,0.00000
sufficient,1.00000,0.00000
making,1.00000,0.00000
hyperfiltration,0.99942,0.00058
paget,0.00000,1.00000
disease,0.00000,1.00000
complicated,1.00000,0.00000
hydrocephalus,0.00367,0.99633
syringomyelia,0.00000,1.00000
skull,1.00000,0.00000
basilar,0.83102,0.16898
impression,0.83102,0.16898
briefly,1.00000,0.00000
strategies,1.00000,0.00000
outlined,1.00000,0.00000
hemiplegia,0.00000,1.00000
vegetativa,0.00000,1.00000
alterna,0.00000,1.00000
ipsilateral,0.00000,1.00000
horner,0.00000,1.00000
syndrome,0.00000,1.00000
hemihyperhidrosis,0.00367,0.99633
proximal,0.99942,0.00058
cerebral,0.24808,0.75192
occlusion,0.69730,0.30270
background,1.00000,0.00000
pca,0.00000,1.00000
occlusive,0.00000,1.00000
produces,1.00000,0.00000
homonymous,0.99942,0.00058
field,0.99942,0.00058
defects,0.99942,0.00058
hemisensory,0.99942,0.00058
loss,0.99942,0.00058
neuropsychological,0.99942,0.00058
deficits,0.99942,0.00058
conversely,1.00000,0.00000
combination,1.00000,0.00000
hemiparesis,0.81610,0.18390
never,1.00000,0.00000
before,1.00000,0.00000
description,1.00000,0.00000
infarction,0.81610,0.18390
superficial,1.00000,0.00000
deep,1.00000,0.00000
territories,1.00000,0.00000
picture,1.00000,0.00000
disclosed,1.00000,0.00000
infarcts,0.99942,0.00058
anterolateral,1.00000,0.00000
midbrain,1.00000,0.00000
ventroposterolateral,1.00000,0.00000
thalamic,1.00000,0.00000
subthalamic,1.00000,0.00000
area,1.00000,0.00000
temporo,1.00000,0.00000
occipital,1.00000,0.00000
lobes,1.00000,0.00000
conclusions,1.00000,0.00000
alternating,0.69452,0.30548
vegetative,0.00354,0.99646
supports,1.00000,0.00000
hypothesis,1.00000,0.00000
existence,1.00000,0.00000
uncrossed,1.00000,0.00000
excitatory,1.00000,0.00000
crossed,1.00000,0.00000
inhibitory,1.00000,0.00000
hypothalamospinal,1.00000,0.00000
sympathetic,1.00000,0.00000
pathway,1.00000,0.00000
erythema,0.24808,0.75192
multiforme,0.24808,0.75192
minor,0.24808,0.75192
vaccination,1.00000,0.00000
paediatric,1.00000,0.00000
vaccines,1.00000,0.00000
cases,1.00000,0.00000
tetanus,0.00058,0.99942
diphtheria,0.00058,0.99942
revaccination,1.00000,0.00000
acellular,0.99787,0.00213
pertussis,0.00058,0.99942
inactivated,0.99787,0.00213
polio,0.00058,0.99942
haemophillus,0.75457,0.24543
vaccine,1.00000,0.00000
suggesting,1.00000,0.00000
toxoids,1.00000,0.00000
precipitating,1.00000,0.00000
subperiosteal,0.00000,1.00000
osteoid,0.00000,1.00000
osteoma,0.00000,1.00000
distal,1.00000,0.00000
phalanx,1.00000,0.00000
thumb,1.00000,0.00000
osteomas,0.00000,1.00000
subgrouped,1.00000,0.00000
cancellous,1.00000,0.00000
cortical,1.00000,0.00000
hand,1.00000,0.00000
location,1.00000,0.00000
described,1.00000,0.00000
illustrates,1.00000,0.00000
radiographic,1.00000,0.00000
relief,1.00000,0.00000
factitious,0.24808,0.75192
coarctation,0.24808,0.75192
large,0.99787,0.00213
patent,0.00058,0.99942
ductus,0.00058,0.99942
arteriosus,0.00058,0.99942
gianturco,1.00000,0.00000
grifka,1.00000,0.00000
vascular,1.00000,0.00000
occluder,1.00000,0.00000
pda,0.00058,0.99942
hypoplastic,0.86422,0.13578
isthmus,0.99787,0.00213
presenting,1.00000,0.00000
ductal,1.00000,0.00000
transcatheter,1.00000,0.00000
gradient,1.00000,0.00000
resolved,1.00000,0.00000
thereby,1.00000,0.00000
eliminating,1.00000,0.00000
need,1.00000,0.00000
coexisting,1.00000,0.00000
central,0.99633,0.00367
diabetes,0.00000,1.00000
insipidus,0.00000,1.00000
psychogenic,0.00455,0.99545
polydipsia,0.00000,1.00000
schizophrenic,0.86422,0.13578
coexisted,1.00000,0.00000
possible,1.00000,0.00000
relationship,1.00000,0.00000
vasopressin,1.00000,0.00000
release,1.00000,0.00000
hypothesized,1.00000,0.00000
lung,0.26485,0.73515
neoplasm,0.00213,0.99787
mimicking,1.00000,0.00000
myocardial,0.00213,0.99787
involvement,1.00000,0.00000
pericardium,1.00000,0.00000
cancer,0.00000,1.00000
metastases,0.99942,0.00058
frequent,1.00000,0.00000
neoplasms,0.00213,0.99787
metastatic,0.00058,0.99942
manifestation,1.00000,0.00000
chest,0.81610,0.18390
rotaviral,0.00000,1.00000
gastroenteritis,0.00000,1.00000
tbilisi,1.00000,0.00000
electrophoretypes,1.00000,0.00000
107,1.00000,0.00000
isolates,1.00000,0.00000
collected,1.00000,0.00000
18,1.00000,0.00000
months,1.00000,0.00000
seven,1.00000,0.00000
patterns,1.00000,0.00000
"""",1.00000,0.00000
represented,1.00000,0.00000
74,1.00000,0.00000
total,1.00000,0.00000
number,1.00000,0.00000
dominated,1.00000,0.00000
whole,1.00000,0.00000
seasonal,1.00000,0.00000
various,1.00000,0.00000
appearance,1.00000,0.00000
registered,1.00000,0.00000
electrophoretype,1.00000,0.00000
detected,1.00000,0.00000
hageman,1.00000,0.00000
xii,1.00000,0.00000
secific,1.00000,0.00000
reproducible,1.00000,0.00000
hf,1.00000,0.00000
factory,1.00000,0.00000
purified,1.00000,0.00000
monospecific,1.00000,0.00000
rabbit,1.00000,0.00000
antibody,1.00000,0.00000
precise,1.00000,0.00000
measurements,1.00000,0.00000
antigen,1.00000,0.00000
low,1.00000,0.00000
pooled,1.00000,0.00000
=,1.00000,0.00000
82,1.00000,0.00000
existed,1.00000,0.00000
titers,1.00000,0.00000
clot,1.00000,0.00000
promoting,1.00000,0.00000
assays,1.00000,0.00000
radioimmunoassays,1.00000,0.00000
among,1.00000,0.00000
adults,1.00000,0.00000
confirming,1.00000,0.00000
trait,0.81610,0.18390
other,1.00000,0.00000
plasmas,1.00000,0.00000
individuals,1.00000,0.00000
fletcher,0.24543,0.75457
fitzgerald,0.24543,0.75457
contained,1.00000,0.00000
amounts,1.00000,0.00000
reduced,1.00000,0.00000
disseminated,0.00213,0.99787
intravascular,0.00213,0.99787
coagulation,0.00213,0.99787
advanced,1.00000,0.00000
liver,0.99942,0.00058
cirrhosis,0.18390,0.81610
under,1.00000,0.00000
warfarin,1.00000,0.00000
assay,1.00000,0.00000
primates,1.00000,0.00000
detectable,1.00000,0.00000
nonprimate,1.00000,0.00000
avian,1.00000,0.00000
progressive,0.24543,0.75457
facial,0.00354,0.99646
hemiatrophy,0.00354,0.99646
epileptic,0.00000,1.00000
seizures,0.00213,0.99787
intractable,0.99633,0.00367
complex,0.69452,0.30548
partial,0.24543,0.75457
female,1.00000,0.00000
intracranial,1.00000,0.00000
computed,1.00000,0.00000
tomography,1.00000,0.00000
frontal,0.99942,0.00058
paramedian,0.99942,0.00058
band,0.99942,0.00058
like,0.99942,0.00058
depression,0.99942,0.00058
gradually,1.00000,0.00000
thereafter,1.00000,0.00000
parry,0.00000,1.00000
romberg,0.00000,1.00000
parenchymal,1.00000,0.00000
calcifications,1.00000,0.00000
density,1.00000,0.00000
areas,1.00000,0.00000
matter,1.00000,0.00000
frontoparietal,1.00000,0.00000
neurologic,1.00000,0.00000
could,1.00000,0.00000
precede,1.00000,0.00000
succeeding,1.00000,0.00000
neurocutaneous,1.00000,0.00000
remote,1.00000,0.00000
unpolluted,1.00000,0.00000
rural,1.00000,0.00000
south,1.00000,0.00000
africa,1.00000,0.00000
14,1.00000,0.00000
olds,1.00000,0.00000
wupperthal,1.00000,0.00000
north,1.00000,0.00000
western,1.00000,0.00000
cape,1.00000,0.00000
province,1.00000,0.00000
graphite,1.00000,0.00000
furnace,1.00000,0.00000
atomic,1.00000,0.00000
absorption,1.00000,0.00000
spectrometry,1.00000,0.00000
analyse,1.00000,0.00000
level,1.00000,0.00000
micrograms,1.00000,0.00000
dl,1.00000,0.00000
value,1.00000,0.00000
considered,1.00000,0.00000
representative,1.00000,0.00000
natural,1.00000,0.00000
africans,1.00000,0.00000
o,1.00000,0.00000
femoral,1.00000,0.00000
distractor,1.00000,0.00000
ankle,1.00000,0.00000
arthroscopy,1.00000,0.00000
well,1.00000,0.00000
technique,1.00000,0.00000
pins,1.00000,0.00000
tibia,1.00000,0.00000
calcaneum,1.00000,0.00000
able,1.00000,0.00000
distraction,1.00000,0.00000
easy,1.00000,0.00000
operative,1.00000,0.00000
manipulation,1.00000,0.00000
obtained,1.00000,0.00000
commercially,1.00000,0.00000
distractors,1.00000,0.00000
broad,1.00000,0.00000
spectral,1.00000,0.00000
parameters,1.00000,0.00000
correlated,1.00000,0.00000
iq,1.00000,0.00000
wais,1.00000,0.00000
all,1.00000,0.00000
subscales,1.00000,0.00000
40,1.00000,0.00000
handed,1.00000,0.00000
volunteers,1.00000,0.00000
ranging,1.00000,0.00000
eegs,1.00000,0.00000
recorded,1.00000,0.00000
derivations,1.00000,0.00000
rest,1.00000,0.00000
opened,1.00000,0.00000
reveal,1.00000,0.00000
positive,1.00000,0.00000
negative,1.00000,0.00000
correlations,1.00000,0.00000
participation,1.00000,0.00000
bands,1.00000,0.00000
frequency,1.00000,0.00000
show,1.00000,0.00000
narrow,1.00000,0.00000
range,1.00000,0.00000
relations,1.00000,0.00000
highlight,1.00000,0.00000
psychological,1.00000,0.00000
tests,1.00000,0.00000
homogeneous,1.00000,0.00000
abilities,1.00000,0.00000
finer,1.00000,0.00000
clearly,1.00000,0.00000
explainable,1.00000,0.00000
demonstrate,1.00000,0.00000
recordings,1.00000,0.00000
reflect,1.00000,0.00000
intellectual,1.00000,0.00000
stimulus,0.99633,0.00367
postanoxic,0.26485,0.73515
myoclonus,0.26485,0.73515
discuss,1.00000,0.00000
pathophysiology,1.00000,0.00000
man,1.00000,0.00000
sustained,1.00000,0.00000
cardiorespiratory,0.00213,0.99787
arrest,0.00213,0.99787
lasted,1.00000,0.00000
minutes,1.00000,0.00000
unresponsive,1.00000,0.00000
hours,1.00000,0.00000
stimulation,1.00000,0.00000
trigeminal,1.00000,0.00000
innervated,1.00000,0.00000
periorbital,1.00000,0.00000
bursts,1.00000,0.00000
spike,1.00000,0.00000
generalized,1.00000,0.00000
myoclonic,0.99942,0.00058
jerks,0.99942,0.00058
types,1.00000,0.00000
did,1.00000,0.00000
elicit,1.00000,0.00000
32,1.00000,0.00000
later,1.00000,0.00000
nonreactive,1.00000,0.00000
alpha,1.00000,0.00000
coma,0.99545,0.00455
died,1.00000,0.00000
7,1.00000,0.00000
days,1.00000,0.00000
regularity,1.00000,0.00000
suggests,1.00000,0.00000
resting,1.00000,0.00000
electrocerebral,1.00000,0.00000
silence,1.00000,0.00000
result,1.00000,0.00000
suppression,1.00000,0.00000
disinhibition,1.00000,0.00000
brainstem,0.83102,0.16898
generated,0.83102,0.16898
entity,1.00000,0.00000
audiology,1.00000,0.00000
auditory,1.00000,0.00000
processing,1.00000,0.00000
speech,1.00000,0.00000
recognition,1.00000,0.00000
disorder,0.00000,1.00000
[,0.86422,0.13578
apd,0.00000,1.00000
],0.99787,0.00213
highly,1.00000,0.00000
controversial,1.00000,0.00000
controversy,1.00000,0.00000
fueled,1.00000,0.00000
ambiguous,1.00000,0.00000
descriptions,1.00000,0.00000
american,1.00000,0.00000
language,1.00000,0.00000
hearing,1.00000,0.00000
academy,1.00000,0.00000
sources,1.00000,0.00000
say,1.00000,0.00000
questionable,1.00000,0.00000
define,1.00000,0.00000
nature,1.00000,0.00000
order,1.00000,0.00000
intervention,1.00000,0.00000
nosography,1.00000,0.00000
systematic,1.00000,0.00000
diseases,0.99942,0.00058
physicians,1.00000,0.00000
thomas,1.00000,0.00000
sydenham,1.00000,0.00000
otto,1.00000,0.00000
guttentag,1.00000,0.00000
criteria,1.00000,0.00000
framework,1.00000,0.00000
conceptualization,1.00000,0.00000
haemostatic,0.83333,0.16667
hepatosplenic,0.00000,1.00000
schistosomiasis,0.00000,1.00000
mansoni,0.00354,0.99646
immuno,0.83333,0.16667
regulatory,0.83333,0.16667
endemic,1.00000,0.00000
countries,1.00000,0.00000
bleeding,0.99942,0.00058
serious,1.00000,0.00000
often,1.00000,0.00000
life,1.00000,0.00000
threatening,1.00000,0.00000
prone,1.00000,0.00000
develop,1.00000,0.00000
linked,1.00000,0.00000
ruptured,0.99646,0.00354
esophageal,0.13578,0.86422
varices,0.13578,0.86422
deficit,1.00000,0.00000
pronounced,1.00000,0.00000
advancement,1.00000,0.00000
maximal,1.00000,0.00000
experience,1.00000,0.00000
haematomesis,0.13578,0.86422
evidences,1.00000,0.00000
enhanced,1.00000,0.00000
generation,1.00000,0.00000
thrombin,1.00000,0.00000
plasmin,1.00000,0.00000
indicate,1.00000,0.00000
grade,1.00000,0.00000
dic,0.24808,0.75192
principal,1.00000,0.00000
demonstration,1.00000,0.00000
procoagulant,1.00000,0.00000
expression,1.00000,0.00000
peripheral,1.00000,0.00000
monocytes,1.00000,0.00000
livers,1.00000,0.00000
spleens,1.00000,0.00000
intestines,1.00000,0.00000
infected,0.99942,0.00058
mice,1.00000,0.00000
implication,1.00000,0.00000
causation,1.00000,0.00000
infections,0.83333,0.16667
moreover,1.00000,0.00000
indicates,1.00000,0.00000
immune,1.00000,0.00000
mechanisms,1.00000,0.00000
localized,1.00000,0.00000
seems,1.00000,0.00000
likely,1.00000,0.00000
responses,1.00000,0.00000
schistosomes,1.00000,0.00000
play,1.00000,0.00000
pathogenic,1.00000,0.00000
squamous,0.00354,0.99646
pleura,0.83102,0.16898
few,1.00000,0.00000
reports,1.00000,0.00000
tumours,0.83333,0.16667
mesothelioma,0.00000,1.00000
epidermoid,0.00000,1.00000
occur,1.00000,0.00000
connection,1.00000,0.00000
persistent,1.00000,0.00000
empyema,0.81610,0.18390
drained,1.00000,0.00000
pleurocutaneous,0.83333,0.16667
extrapleural,0.83333,0.16667
pneumothorax,0.24808,0.75192
far,1.00000,0.00000
somatosensory,1.00000,0.00000
potentials,1.00000,0.00000
tibial,1.00000,0.00000
scalp,1.00000,0.00000
sep,1.00000,0.00000
three,1.00000,0.00000
peaks,1.00000,0.00000
p17,1.00000,0.00000
p24,1.00000,0.00000
p31,1.00000,0.00000
additional,1.00000,0.00000
inconsistent,1.00000,0.00000
components,1.00000,0.00000
p11,1.00000,0.00000
p21,1.00000,0.00000
p27,1.00000,0.00000
presumable,1.00000,0.00000
generator,1.00000,0.00000
popliteal,1.00000,0.00000
entry,1.00000,0.00000
sacral,1.00000,0.00000
plexus,1.00000,0.00000
cauda,1.00000,0.00000
equina,1.00000,0.00000
conus,1.00000,0.00000
medullaris,1.00000,0.00000
rostral,1.00000,0.00000
spinal,1.00000,0.00000
cord,1.00000,0.00000
lymphogranuloma,0.00000,1.00000
venereum,0.00000,1.00000
tonsil,0.83102,0.16898
tonsillar,0.83102,0.16898
similarities,1.00000,0.00000
tonsils,1.00000,0.00000
cervical,1.00000,0.00000
importance,1.00000,0.00000
histological,1.00000,0.00000
abnormal,0.99942,0.00058
reiterated,1.00000,0.00000
68ga,1.00000,0.00000
prostate,1.00000,0.00000
treated,1.00000,0.00000
stage,0.69452,0.30548
iiib,0.69452,0.30548
referred,1.00000,0.00000
ga,1.00000,0.00000
psma,1.00000,0.00000
pet,1.00000,0.00000
staging,1.00000,0.00000
addition,1.00000,0.00000
uptake,1.00000,0.00000
increased,1.00000,0.00000
enlarging,1.00000,0.00000
lobe,0.99646,0.00354
mass,0.99646,0.00354
diffusely,1.00000,0.00000
thyroid,1.00000,0.00000
gland,1.00000,0.00000
bilateral,1.00000,0.00000
supraclavicular,1.00000,0.00000
fine,1.00000,0.00000
needle,1.00000,0.00000
aspiration,1.00000,0.00000
biopsy,1.00000,0.00000
node,1.00000,0.00000
adenocarcinoma,0.00000,1.00000
interferon,1.00000,0.00000
recent,1.00000,0.00000
demonstrating,1.00000,0.00000
therapy,1.00000,0.00000
six,1.00000,0.00000
myeloid,0.00000,1.00000
leukaemia,0.00000,1.00000
essential,0.00367,0.99633
thrombocythemia,0.00000,1.00000
polycythemia,0.00000,1.00000
rubra,0.00354,0.99646
vera,0.00354,0.99646
myelomatosis,0.00000,1.00000
hairy,0.00000,1.00000
screen,1.00000,0.00000
severity,1.00000,0.00000
mild,0.00455,0.99545
traumatic,0.00000,1.00000
brain,0.00000,1.00000
injury,0.00000,1.00000
investigated,1.00000,0.00000
sensitivity,1.00000,0.00000
information,1.00000,0.00000
recall,1.00000,0.00000
orientation,1.00000,0.00000
tasks,1.00000,0.00000
mtbi,0.00455,0.99545
fifty,1.00000,0.00000
85,1.00000,0.00000
57,1.00000,0.00000
28,1.00000,0.00000
controls,1.00000,0.00000
24,1.00000,0.00000
hr,1.00000,0.00000
department,1.00000,0.00000
emergency,1.00000,0.00000
medicine,1.00000,0.00000
answered,1.00000,0.00000
fewer,1.00000,0.00000
questions,1.00000,0.00000
recalled,1.00000,0.00000
words,1.00000,0.00000
delayed,1.00000,0.00000
judged,1.00000,0.00000
sentences,1.00000,0.00000
correctly,1.00000,0.00000
immediate,1.00000,0.00000
memory,1.00000,0.00000
learning,1.00000,0.00000
previous,1.00000,0.00000
perform,1.00000,0.00000
speed,1.00000,0.00000
word,1.00000,0.00000
effects,1.00000,0.00000
gamma,1.00000,0.00000
globin,1.00000,0.00000
promoter,1.00000,0.00000
base,1.00000,0.00000
pair,1.00000,0.00000
deletion,1.00000,0.00000
mutant,1.00000,0.00000
shows,1.00000,0.00000
polymorphic,1.00000,0.00000
throughout,1.00000,0.00000
gene,1.00000,0.00000
fetal,1.00000,0.00000
genes,1.00000,0.00000
australian,1.00000,0.00000
kindred,1.00000,0.00000
nondeletional,0.99787,0.00213
hereditary,0.00000,1.00000
persistence,0.00000,1.00000
hemoglobin,0.00000,1.00000
hpfh,0.00000,1.00000
cloned,1.00000,0.00000
sequenced,1.00000,0.00000
198,0.99787,0.00213
mutation,0.99787,0.00213
british,0.00455,0.99545
upstream,1.00000,0.00000
allele,1.00000,0.00000
identified,1.00000,0.00000
222,1.00000,0.00000
225,1.00000,0.00000
bp,1.00000,0.00000
cap,1.00000,0.00000
site,1.00000,0.00000
variations,1.00000,0.00000
ana,1.00000,0.00000
transition,1.00000,0.00000
exon,1.00000,0.00000
402,1.00000,0.00000
relative,1.00000,0.00000
hindiii,1.00000,0.00000
polymorphism,1.00000,0.00000
intron,1.00000,0.00000
untranslated,1.00000,0.00000
region,1.00000,0.00000
tcac,1.00000,0.00000
place,1.00000,0.00000
ctct,1.00000,0.00000
creating,1.00000,0.00000
saci,1.00000,0.00000
previously,1.00000,0.00000
linkage,1.00000,0.00000
noteworthy,1.00000,0.00000
simultaneous,1.00000,0.00000
mutants,1.00000,0.00000
same,1.00000,0.00000
despite,1.00000,0.00000
resulting,1.00000,0.00000
phenotype,1.00000,0.00000
k562,1.00000,0.00000
transient,1.00000,0.00000
statistically,1.00000,0.00000
control,1.00000,0.00000
vivo,1.00000,0.00000
identification,1.00000,0.00000
enzymatically,1.00000,0.00000
normalized,1.00000,0.00000
shrna,1.00000,0.00000
library,1.00000,0.00000
massive,1.00000,0.00000
parallel,1.00000,0.00000
sequencing,1.00000,0.00000
general,1.00000,0.00000
approximately,1.00000,0.00000
150,1.00000,0.00000
shrnas,1.00000,0.00000
per,1.00000,0.00000
redundance,1.00000,0.00000
cdna,1.00000,0.00000
constructed,1.00000,0.00000
inducible,1.00000,0.00000
lentiviral,1.00000,0.00000
vector,1.00000,0.00000
enabling,1.00000,0.00000
propagation,1.00000,0.00000
growth,1.00000,0.00000
inhibiting,1.00000,0.00000
controlled,1.00000,0.00000
rnai,1.00000,0.00000
activities,1.00000,0.00000
101,1.00000,0.00000
clones,1.00000,0.00000
representing,1.00000,0.00000
100,1.00000,0.00000
201,1.00000,0.00000
firefly,1.00000,0.00000
luciferase,1.00000,0.00000
structure,1.00000,0.00000
datasets,1.00000,0.00000
yielded,1.00000,0.00000
set,1.00000,0.00000
structural,1.00000,0.00000
efficacy,1.00000,0.00000
increasing,1.00000,0.00000
frequencies,1.00000,0.00000
active,1.00000,0.00000
random,1.00000,0.00000
sampling,1.00000,0.00000
select,1.00000,0.00000
inhibit,1.00000,0.00000
breast,0.00000,1.00000
targeting,1.00000,0.00000
oncogenes,1.00000,0.00000
targeted,1.00000,0.00000
selected,1.00000,0.00000
enriched,1.00000,0.00000
pathways,1.00000,0.00000
9,1.00000,0.00000
cancers,0.00000,1.00000
cycle,1.00000,0.00000
progression,1.00000,0.00000
apoptosis,1.00000,0.00000
hundred,1.00000,0.00000
nineteen,1.00000,0.00000
selection,1.00000,0.00000
drug,1.00000,0.00000
targets,1.00000,0.00000
interfering,1.00000,0.00000
rnas,1.00000,0.00000
inhibited,1.00000,0.00000
validating,1.00000,0.00000
efficiency,1.00000,0.00000
throughput,1.00000,0.00000
target,1.00000,0.00000
giant,0.99942,0.00058
tuberculomata,0.26485,0.73515
misdiagnosed,1.00000,0.00000
secondary,1.00000,0.00000
describe,1.00000,0.00000
attenuation,0.99942,0.00058
rim,1.00000,0.00000
enhancement,1.00000,0.00000
calcific,0.83333,0.16667
enhance,1.00000,0.00000
hypoattenuation,1.00000,0.00000
recovered,1.00000,0.00000
antituberculous,1.00000,0.00000
chemotherapy,1.00000,0.00000
perinatal,0.26485,0.73515
arterial,0.26485,0.73515
placental,0.00455,0.99545
chorioangioma,0.00455,0.99545
chorioangiomas,0.30270,0.69730
benign,0.30270,0.69730
several,1.00000,0.00000
obstetric,0.99942,0.00058
premature,0.81610,0.18390
labor,0.81610,0.18390
abruption,0.24808,0.75192
polyhydramnios,0.24808,0.75192
hydrops,0.24808,0.75192
restriction,0.99942,0.00058
hepatosplenomegaly,0.24808,0.75192
cardiomegaly,0.24808,0.75192
congestive,0.00213,0.99787
neonatal,1.00000,0.00000
fetalis,0.00213,0.99787
microangiopathic,0.00000,1.00000
hemolytic,0.00000,1.00000
anemia,0.00000,1.00000
thrombocytopenia,0.00000,1.00000
remains,1.00000,0.00000
majority,1.00000,0.00000
investigators,1.00000,0.00000
setting,1.00000,0.00000
stroke,0.00213,0.99787
birth,0.81610,0.18390
asphyxia,0.24808,0.75192
preeclampsia,0.00213,0.99787
chorioamnionitis,0.24808,0.75192
infection,0.83333,0.16667
genetic,0.83102,0.16898
thrombophilias,0.26485,0.73515
psychophysiological,1.00000,0.00000
reactions,1.00000,0.00000
qigong,1.00000,0.00000
traditional,1.00000,0.00000
chinese,1.00000,0.00000
meditation,1.00000,0.00000
indian,1.00000,0.00000
yoga,1.00000,0.00000
japanese,1.00000,0.00000
zen,1.00000,0.00000
category,1.00000,0.00000
psychotherapy,1.00000,0.00000
series,1.00000,0.00000
course,1.00000,0.00000
training,1.00000,0.00000
inappropriate,1.00000,0.00000
physical,1.00000,0.00000
mental,1.00000,0.00000
disturbances,1.00000,0.00000
include,1.00000,0.00000
emg,1.00000,0.00000
respiratory,1.00000,0.00000
movement,1.00000,0.00000
rate,1.00000,0.00000
temperature,1.00000,0.00000
finger,1.00000,0.00000
tip,1.00000,0.00000
stomach,1.00000,0.00000
intestine,1.00000,0.00000
metabolism,1.00000,0.00000
immunity,1.00000,0.00000
systems,1.00000,0.00000
motor,1.00000,0.00000
phenomena,1.00000,0.00000
perceptual,1.00000,0.00000
experienced,1.00000,0.00000
warmness,1.00000,0.00000
chilliness,1.00000,0.00000
itching,1.00000,0.00000
sensation,1.00000,0.00000
numbness,0.99942,0.00058
soreness,0.99942,0.00058
bloatedness,1.00000,0.00000
relaxation,1.00000,0.00000
tenseness,1.00000,0.00000
floating,1.00000,0.00000
dropping,1.00000,0.00000
enlargement,1.00000,0.00000
constriction,1.00000,0.00000
body,1.00000,0.00000
image,1.00000,0.00000
rising,1.00000,0.00000
sky,1.00000,0.00000
falling,1.00000,0.00000
off,1.00000,0.00000
upside,1.00000,0.00000
down,1.00000,0.00000
playing,1.00000,0.00000
swing,1.00000,0.00000
respiration,1.00000,0.00000
circulation,1.00000,0.00000
intrinsic,1.00000,0.00000
qi,1.00000,0.00000
electric,1.00000,0.00000
shock,1.00000,0.00000
formication,1.00000,0.00000
exercise,1.00000,0.00000
dreamland,0.99942,0.00058
illusions,0.99942,0.00058
unreality,1.00000,0.00000
pseudohallucination,0.99646,0.00354
vanished,1.00000,0.00000
terminated,1.00000,0.00000
deviation,0.83333,0.16667
diagnostic,1.00000,0.00000
now,1.00000,0.00000
widely,1.00000,0.00000
china,1.00000,0.00000
antiproliferative,1.00000,0.00000
homogenates,1.00000,0.00000
candidate,1.00000,0.00000
probiotic,1.00000,0.00000
unheated,1.00000,0.00000
heat,1.00000,0.00000
separately,1.00000,0.00000
lactobacillus,1.00000,0.00000
rhamnosus,1.00000,0.00000
gg,1.00000,0.00000
bifidobacterium,1.00000,0.00000
lactis,1.00000,0.00000
acidophilus,1.00000,0.00000
delbrueckii,1.00000,0.00000
subsp,1.00000,0.00000
bulgaricus,1.00000,0.00000
streptococcus,1.00000,0.00000
thermophilus,1.00000,0.00000
phytohemagglutinin,1.00000,0.00000
induced,1.00000,0.00000
proliferation,1.00000,0.00000
mononuclear,1.00000,0.00000
homogenate,1.00000,0.00000
assessing,1.00000,0.00000
thymidine,1.00000,0.00000
incorporation,1.00000,0.00000
cultures,1.00000,0.00000
suppressed,1.00000,0.00000
enzymatic,1.00000,0.00000
heating,1.00000,0.00000
repeated,1.00000,0.00000
cytoplasmic,1.00000,0.00000
wall,1.00000,0.00000
extracts,1.00000,0.00000
extract,1.00000,0.00000
suppressive,1.00000,0.00000
possess,1.00000,0.00000
stable,1.00000,0.00000
generate,1.00000,0.00000
microbiologically,1.00000,0.00000
nonviable,1.00000,0.00000
yet,1.00000,0.00000
immunologically,1.00000,0.00000
food,1.00000,0.00000
products,1.00000,0.00000
easier,1.00000,0.00000
store,1.00000,0.00000
longer,1.00000,0.00000
shelf,1.00000,0.00000
focal,0.24808,0.75192
neurological,0.24808,0.75192
sarcoidosis,0.00000,1.00000
presents,1.00000,0.00000
only,1.00000,0.00000
infrequently,1.00000,0.00000
recurrent,1.00000,0.00000
rarer,1.00000,0.00000
still,1.00000,0.00000
describes,1.00000,0.00000
episodic,1.00000,0.00000
fluent,1.00000,0.00000
dysphasia,0.24808,0.75192
abrupt,1.00000,0.00000
onset,1.00000,0.00000
occurring,1.00000,0.00000
seizure,0.00213,0.99787
macroscopic,1.00000,0.00000
granulomatous,1.00000,0.00000
collection,1.00000,0.00000
neurosarcoidosis,0.00000,1.00000
mimic,1.00000,0.00000
classic,1.00000,0.00000
ischaemic,0.26485,0.73515
questionnaire,1.00000,0.00000
transplant,1.00000,0.00000
quality,1.00000,0.00000
recipients,1.00000,0.00000
list,1.00000,0.00000
items,1.00000,0.00000
created,1.00000,0.00000
50,1.00000,0.00000
rated,1.00000,0.00000
item,1.00000,0.00000
judgment,1.00000,0.00000
create,1.00000,0.00000
consists,1.00000,0.00000
dimensions,1.00000,0.00000
fatigue,1.00000,0.00000
uncertainty,1.00000,0.00000
fear,1.00000,0.00000
emotions,1.00000,0.00000
dimension,1.00000,0.00000
scored,1.00000,0.00000
point,1.00000,0.00000
likert,1.00000,0.00000
scale,1.00000,0.00000
reproducibility,1.00000,0.00000
administered,1.00000,0.00000
intraclass,1.00000,0.00000
coefficients,1.00000,0.00000
91,1.00000,0.00000
scores,1.00000,0.00000
except,1.00000,0.00000
improved,1.00000,0.00000
transplantation,1.00000,0.00000
pretransplantation,1.00000,0.00000
graft,1.00000,0.00000
creatinine,1.00000,0.00000
250,1.00000,0.00000
mmol,1.00000,0.00000
grafts,1.00000,0.00000
administer,1.00000,0.00000
valid,1.00000,0.00000
responsive,1.00000,0.00000
change,1.00000,0.00000
carbon,1.00000,0.00000
monoxide,1.00000,0.00000
suppresses,1.00000,0.00000
tlr4,1.00000,0.00000
via,1.00000,0.00000
differentiation,1.00000,0.00000
betatc3,1.00000,0.00000
islet,1.00000,0.00000
allografts,1.00000,0.00000
donor,1.00000,0.00000
exposed,1.00000,0.00000
rejection,1.00000,0.00000
trafficking,1.00000,0.00000
activation,1.00000,0.00000
islets,1.00000,0.00000
molecular,1.00000,0.00000
how,1.00000,0.00000
remain,1.00000,0.00000
focus,1.00000,0.00000
insulinoma,0.00213,0.99787
line,1.00000,0.00000
stably,1.00000,0.00000
transfected,1.00000,0.00000
pcdna3,1.00000,0.00000
yfp,1.00000,0.00000
pdsred,1.00000,0.00000
monomer,1.00000,0.00000
golgi,1.00000,0.00000
plasmids,1.00000,0.00000
identify,1.00000,0.00000
subcellular,1.00000,0.00000
lps,1.00000,0.00000
confocal,1.00000,0.00000
immunofluorescence,1.00000,0.00000
resides,1.00000,0.00000
apparatus,1.00000,0.00000
quiescent,1.00000,0.00000
led,1.00000,0.00000
interaction,1.00000,0.00000
md,1.00000,0.00000
immunoprecipitation,1.00000,0.00000
depleting,1.00000,0.00000
rna,1.00000,0.00000
blocking,1.00000,0.00000
glycosylation,1.00000,0.00000
tunicamycin,1.00000,0.00000
blocked,1.00000,0.00000
exposing,1.00000,0.00000
parts,1.00000,0.00000
million,1.00000,0.00000
conclusion,1.00000,0.00000
required,1.00000,0.00000
consequent,1.00000,0.00000
transvesical,1.00000,0.00000
endoscopic,1.00000,0.00000
placement,1.00000,0.00000
sutures,1.00000,0.00000
urethral,0.00000,1.00000
strictures,0.00000,1.00000
reapproximation,1.00000,0.00000
urethra,1.00000,0.00000
across,1.00000,0.00000
excised,1.00000,0.00000
scar,1.00000,0.00000
requires,1.00000,0.00000
perineum,1.00000,0.00000
external,1.00000,0.00000
sphincter,1.00000,0.00000
prostatic,1.00000,0.00000
itself,1.00000,0.00000
problematic,1.00000,0.00000
suprapubic,1.00000,0.00000
cystostomy,1.00000,0.00000
eliminates,1.00000,0.00000
usual,1.00000,0.00000
difficulties,1.00000,0.00000
volatile,1.00000,0.00000
flavor,1.00000,0.00000
rice,1.00000,0.00000
cakes,1.00000,0.00000
volatiles,1.00000,0.00000
laboratory,1.00000,0.00000
dynamic,1.00000,0.00000
headspace,1.00000,0.00000
isolation,1.00000,0.00000
tenax,1.00000,0.00000
trapping,1.00000,0.00000
carried,1.00000,0.00000
out,1.00000,0.00000
capillary,1.00000,0.00000
gc,1.00000,0.00000
ms,0.00000,1.00000
compounds,1.00000,0.00000
hydroxy,1.00000,0.00000
propanone,1.00000,0.00000
furfuryl,1.00000,0.00000
alcohol,1.00000,0.00000
dimethylpyrazine,1.00000,0.00000
methylpyrazine,1.00000,0.00000
pyrazine,1.00000,0.00000
hexanal,1.00000,0.00000
furfural,1.00000,0.00000
pentanol,1.00000,0.00000
butanone,1.00000,0.00000
acetoin,1.00000,0.00000
ethyl,1.00000,0.00000
ideally,1.00000,0.00000
applicable,1.00000,0.00000
dry,1.00000,0.00000
product,1.00000,0.00000
ratios,1.00000,0.00000
probability,1.00000,0.00000
contributing,1.00000,0.00000
aroma,1.00000,0.00000
methylbutanal,1.00000,0.00000
dimethyl,1.00000,0.00000
trisulfide,1.00000,0.00000
vinylguaiacol,1.00000,0.00000
e,1.00000,0.00000
decadienal,1.00000,0.00000
acetyl,1.00000,0.00000
pyrroline,1.00000,0.00000
octen,1.00000,0.00000
ol,1.00000,0.00000
