Word,None,Disease,Phenotype,Both
haematuria,0.50000,0.50000,0.00000,0.00000
and,0.00000,0.33333,0.33333,0.33333
abdominal,0.49979,0.00000,0.49979,0.00042
aortic,0.49979,0.00000,0.49979,0.00042
aneurysm,0.49979,0.00000,0.49979,0.00042
.,0.00000,0.33333,0.33333,0.33333
left,0.00000,0.50000,0.00000,0.50000
loin,0.00045,0.49977,0.00000,0.49977
pain,0.49977,0.49977,0.00000,0.00045
in,0.00000,0.33333,0.33333,0.33333
a,0.00000,0.33333,0.33333,0.33333
patient,0.00000,0.33333,0.33333,0.33333
with,0.00000,0.33333,0.33333,0.33333
associated,0.00000,0.33333,0.33333,0.33333
the,0.00000,0.33333,0.33333,0.33333
radiological,0.00000,0.33333,0.33333,0.33333
finding,0.00000,0.33333,0.33333,0.33333
of,0.00000,0.33333,0.33333,0.33333
poorly,0.00000,0.50000,0.00000,0.50000
or,0.00000,0.50000,0.00000,0.50000
non,0.00000,0.50000,0.00000,0.50000
-,0.00000,0.50000,0.00000,0.50000
functioning,0.00000,0.50000,0.00000,0.50000
kidney,0.00000,0.50000,0.00000,0.50000
are,0.00000,0.33333,0.33333,0.33333
pathognomonic,0.00000,0.33333,0.33333,0.33333
features,0.00000,0.33333,0.33333,0.33333
aorto,0.00037,0.00000,0.49982,0.49982
renal,0.00037,0.00000,0.49982,0.49982
vein,0.00037,0.00000,0.49982,0.49982
fistula,0.00075,0.00000,0.99925,0.00000
,,0.00000,0.33333,0.33333,0.33333
condition,0.00000,0.33333,0.33333,0.33333
which,0.00000,0.33333,0.33333,0.33333
leaks,0.00000,0.33333,0.33333,0.33333
into,0.00000,0.33333,0.33333,0.33333
an,0.00000,0.33333,0.33333,0.33333
anomalous,0.00000,0.00060,0.49970,0.49970
retro,0.00000,0.00060,0.49970,0.49970
acanthosis,0.50000,0.00000,0.50000,0.00000
nigricans,0.50000,0.00000,0.50000,0.00000
is,0.00000,0.33333,0.33333,0.33333
thickened,0.00000,0.50000,0.00000,0.50000
velvety,0.00000,0.50000,0.00000,0.50000
hyperpigmented,0.00000,0.50000,0.00000,0.50000
skin,0.00000,0.50000,0.00000,0.50000
variety,0.00000,0.33333,0.33333,0.33333
endocrine,0.00000,0.00000,0.99915,0.00085
disorders,0.00000,0.00000,0.99915,0.00085
malignancies,0.00000,0.00000,0.99915,0.00085
medications,0.00000,0.33333,0.33333,0.33333
mechanical,0.00000,0.33333,0.33333,0.33333
stability,0.00000,0.33333,0.33333,0.33333
internal,0.00000,0.33333,0.33333,0.33333
fixation,0.00000,0.33333,0.33333,0.33333
fractured,0.50000,0.00000,0.00000,0.50000
phalanges,0.50000,0.00000,0.00000,0.50000
rigidity,0.00000,0.49977,0.00045,0.49977
five,0.00000,0.33333,0.33333,0.33333
techniques,0.00000,0.33333,0.33333,0.33333
tested,0.00000,0.33333,0.33333,0.33333
experimentally,0.00000,0.33333,0.33333,0.33333
compared,0.00000,0.33333,0.33333,0.33333
clinical,0.00000,0.33333,0.33333,0.33333
relevance,0.00000,0.33333,0.33333,0.33333
discussed,0.00000,0.33333,0.33333,0.33333
cell,0.49979,0.00000,0.49979,0.00042
carcinoma,0.49979,0.00000,0.49979,0.00042
concurrent,0.00000,0.33333,0.33333,0.33333
urothelial,0.49979,0.00000,0.49979,0.00042
urinary,0.00089,0.00000,0.00079,0.99832
bladder,0.00089,0.00000,0.00079,0.99832
hodgkin,0.33333,0.00000,0.33333,0.33333
lymphoma,0.33333,0.00000,0.33333,0.33333
we,0.00000,0.33333,0.33333,0.33333
report,0.00000,0.33333,0.33333,0.33333
case,0.00000,0.33333,0.33333,0.33333
71,0.00000,0.33333,0.33333,0.33333
year,0.00000,0.33333,0.33333,0.33333
old,0.00000,0.33333,0.33333,0.33333
male,0.00000,0.33333,0.33333,0.33333
multiple,0.00000,0.33333,0.33333,0.33333
primary,0.00000,0.33333,0.33333,0.33333
involving,0.00000,0.00060,0.49970,0.49970
combined,0.00000,0.33333,0.33333,0.33333
synchronous,0.33064,0.03559,0.31136,0.32241
was,0.00000,0.33333,0.33333,0.33333
admitted,0.00000,0.33333,0.33333,0.33333
to,0.00000,0.33333,0.33333,0.33333
hospital,0.00000,0.33333,0.33333,0.33333
because,0.00000,0.33333,0.33333,0.33333
painless,0.00000,0.49982,0.00037,0.49982
gross,0.00000,0.49982,0.00037,0.49982
hematuria,0.50000,0.50000,0.00000,0.00000
examination,0.00000,0.33333,0.33333,0.33333
revealed,0.00000,0.33333,0.33333,0.33333
tumor,0.49970,0.00060,0.49970,0.00000
right,0.03415,0.35396,0.30863,0.30326
papillary,0.00093,0.00000,0.99907,0.00000
enlarged,0.33333,0.33333,0.00000,0.33333
lymph,0.33333,0.33333,0.00000,0.33333
nodes,0.33333,0.33333,0.00000,0.33333
along,0.00000,0.49970,0.00060,0.49970
aorta,0.00000,0.49970,0.00060,0.49970
inferior,0.00000,0.49970,0.00060,0.49970
vena,0.00000,0.49970,0.00060,0.49970
cava,0.00000,0.49970,0.00060,0.49970
transurethral,0.00000,0.49983,0.49983,0.00035
resection,0.00000,0.49983,0.49983,0.00035
(,0.00000,0.33333,0.33333,0.33333
tur,0.00000,0.33333,0.33333,0.33333
),0.00000,0.33333,0.33333,0.33333
radical,0.00000,0.33333,0.33333,0.33333
nephrectomy,0.00000,0.33333,0.33333,0.33333
retroperitoneal,0.00000,0.33333,0.33333,0.33333
lymphadenectomy,0.00000,0.33333,0.33333,0.33333
were,0.00000,0.33333,0.33333,0.33333
performed,0.00000,0.33333,0.33333,0.33333
pathohistologic,0.00000,0.33333,0.33333,0.33333
evaluation,0.00000,0.33333,0.33333,0.33333
together,0.00000,0.33333,0.33333,0.33333
immunohistochemistry,0.00000,0.33333,0.33333,0.33333
gave,0.00000,0.33333,0.33333,0.33333
final,0.00000,0.33333,0.33333,0.33333
diagnosis,0.00000,0.33333,0.33333,0.33333
rcc,0.49979,0.00000,0.49979,0.00042
b,0.33333,0.00000,0.33333,0.33333
small,0.33333,0.00000,0.33333,0.33333
cll,0.33333,0.00000,0.33333,0.33333
scanning,0.33333,0.33333,0.33333,0.00000
electron,0.33333,0.33333,0.33333,0.00000
microscopy,0.33333,0.33333,0.33333,0.00000
human,0.33333,0.33333,0.33333,0.00000
zonule,0.33333,0.33333,0.33333,0.00000
lens,0.33333,0.33333,0.33333,0.00000
zonula,0.33333,0.33333,0.33333,0.00000
ciliaris,0.33333,0.33333,0.33333,0.00000
present,0.33333,0.33333,0.33333,0.00000
study,0.33333,0.33333,0.33333,0.00000
eight,0.33333,0.33333,0.33333,0.00000
eyeballs,0.33333,0.33333,0.33333,0.00000
specifically,0.33333,0.33333,0.33333,0.00000
prepared,0.33333,0.33333,0.33333,0.00000
for,0.33333,0.33333,0.33333,0.00000
microscopic,0.33333,0.33333,0.33333,0.00000
observation,0.33333,0.33333,0.33333,0.00000
consisted,0.33333,0.33333,0.33333,0.00000
two,0.33333,0.33333,0.33333,0.00000
main,0.33333,0.33333,0.33333,0.00000
layers,0.33333,0.33333,0.33333,0.00000
radial,0.33333,0.33333,0.33333,0.00000
fibres,0.33333,0.33333,0.33333,0.00000
anterior,0.33333,0.33333,0.33333,0.00000
posterior,0.33333,0.33333,0.33333,0.00000
one,0.33333,0.33333,0.33333,0.00000
that,0.33333,0.33333,0.33333,0.00000
inserted,0.33333,0.33333,0.33333,0.00000
on,0.33333,0.33333,0.33333,0.00000
capsules,0.33333,0.33333,0.33333,0.00000
respectively,0.33333,0.33333,0.33333,0.00000
some,0.33333,0.33333,0.33333,0.00000
equator,0.33333,0.33333,0.33333,0.00000
zonular,0.33333,0.33333,0.33333,0.00000
originated,0.33333,0.33333,0.33333,0.00000
at,0.33333,0.33333,0.33333,0.00000
pars,0.33333,0.33333,0.33333,0.00000
plana,0.33333,0.33333,0.33333,0.00000
entered,0.33333,0.33333,0.33333,0.00000
dorsal,0.33333,0.33333,0.33333,0.00000
part,0.33333,0.33333,0.33333,0.00000
ciliary,0.33333,0.33333,0.33333,0.00000
valleys,0.33333,0.33333,0.33333,0.00000
then,0.33333,0.33333,0.33333,0.00000
changed,0.33333,0.33333,0.33333,0.00000
their,0.33333,0.33333,0.33333,0.00000
direction,0.33333,0.33333,0.33333,0.00000
towards,0.33333,0.33333,0.33333,0.00000
face,0.33333,0.33333,0.33333,0.00000
capsule,0.33333,0.33333,0.33333,0.00000
by,0.33333,0.33333,0.33333,0.00000
branched,0.33333,0.33333,0.33333,0.00000
endings,0.33333,0.33333,0.33333,0.00000
1,0.33333,0.33333,0.33333,0.00000
mm,0.33333,0.33333,0.33333,0.00000
behind,0.33333,0.33333,0.33333,0.00000
mainly,0.33333,0.33333,0.33333,0.00000
occasionally,0.33333,0.33333,0.33333,0.00000
after,0.33333,0.33333,0.33333,0.00000
running,0.33333,0.33333,0.33333,0.00000
completely,0.33333,0.33333,0.33333,0.00000
through,0.33333,0.33333,0.33333,0.00000
close,0.33333,0.33333,0.33333,0.00000
contact,0.33333,0.33333,0.33333,0.00000
lateral,0.33333,0.33333,0.33333,0.00000
walls,0.33333,0.33333,0.33333,0.00000
processes,0.33333,0.33333,0.33333,0.00000
they,0.33333,0.33333,0.33333,0.00000
plicata,0.33333,0.33333,0.33333,0.00000
reached,0.33333,0.33333,0.33333,0.00000
insertions,0.33333,0.33333,0.33333,0.00000
achieved,0.33333,0.33333,0.33333,0.00000
webbed,0.33333,0.33333,0.33333,0.00000
diffused,0.33333,0.33333,0.33333,0.00000
2,0.33333,0.33333,0.33333,0.00000
front,0.33333,0.33333,0.33333,0.00000
extraordinary,0.33333,0.33333,0.33333,0.00000
distension,0.33333,0.33333,0.33333,0.00000
capacity,0.33333,0.33333,0.33333,0.00000
demonstrated,0.33333,0.33333,0.33333,0.00000
pulling,0.33333,0.33333,0.33333,0.00000
hydrodissection,0.33333,0.33333,0.33333,0.00000
as,0.33333,0.33333,0.33333,0.00000
consequence,0.33333,0.33333,0.33333,0.00000
stretched,0.33333,0.33333,0.33333,0.00000
up,0.33333,0.33333,0.33333,0.00000
four,0.33333,0.33333,0.33333,0.00000
times,0.33333,0.33333,0.33333,0.00000
original,0.33333,0.33333,0.33333,0.00000
length,0.33333,0.33333,0.33333,0.00000
without,0.33333,0.33333,0.33333,0.00000
breaking,0.33333,0.33333,0.33333,0.00000
disinserting,0.33333,0.33333,0.33333,0.00000
sonographic,0.00102,0.99766,0.00132,0.00000
pseudokidney,0.50000,0.50000,0.00000,0.00000
when,0.00000,0.50000,0.50000,0.00000
interpreting,0.00000,0.50000,0.50000,0.00000
sonograms,0.00000,0.50000,0.50000,0.00000
should,0.00000,0.50000,0.50000,0.00000
be,0.00000,0.50000,0.50000,0.00000
aware,0.00000,0.50000,0.50000,0.00000
possibility,0.00000,0.50000,0.50000,0.00000
mistaking,0.00000,0.50000,0.50000,0.00000
fat,0.00102,0.99766,0.00132,0.00000
scarring,0.00102,0.99766,0.00132,0.00000
fossa,0.00102,0.99766,0.00132,0.00000
normal,0.00000,0.50000,0.50000,0.00000
history,0.00000,0.50000,0.50000,0.00000
prior,0.00000,0.50000,0.50000,0.00000
doubt,0.00000,0.50000,0.50000,0.00000
ultrasound,0.00000,0.50000,0.50000,0.00000
findings,0.00000,0.50000,0.50000,0.00000
confirmed,0.00000,0.50000,0.50000,0.00000
ct,0.00000,0.50000,0.50000,0.00000
scan,0.00000,0.50000,0.50000,0.00000
color,0.00000,0.49970,0.00060,0.49970
pattern,0.00000,0.49970,0.00060,0.49970
reversal,0.00000,0.49970,0.00060,0.49970
visual,0.00000,0.49970,0.00060,0.49970
evoked,0.00000,0.49970,0.00060,0.49970
potential,0.00000,0.49970,0.00060,0.49970
eyes,0.00000,0.33333,0.33333,0.33333
ocular,0.49982,0.49982,0.00000,0.00037
hypertension,0.50000,0.50000,0.00000,0.00000
open,0.33333,0.00000,0.33333,0.33333
angle,0.33333,0.00000,0.33333,0.33333
glaucoma,0.33333,0.00000,0.33333,0.33333
testing,0.00000,0.33333,0.33333,0.33333
99,0.00000,0.33333,0.33333,0.33333
27,0.00000,0.33333,0.33333,0.33333
30,0.00000,0.33333,0.33333,0.33333
use,0.00000,0.33333,0.33333,0.33333
black,0.00000,0.33333,0.33333,0.33333
white,0.00000,0.33333,0.33333,0.33333
red,0.00000,0.33333,0.33333,0.33333
blue,0.00000,0.33333,0.33333,0.33333
checkerboard,0.00000,0.33333,0.33333,0.33333
stimuli,0.00000,0.33333,0.33333,0.33333
p1,0.00000,0.49970,0.00060,0.49970
wave,0.00000,0.49970,0.00060,0.49970
peak,0.00000,0.49970,0.00060,0.49970
time,0.00000,0.49970,0.00060,0.49970
amplitude,0.00000,0.49970,0.00060,0.49970
significantly,0.00000,0.33333,0.33333,0.33333
different,0.00000,0.33333,0.33333,0.33333
from,0.00000,0.33333,0.33333,0.33333
those,0.00000,0.33333,0.33333,0.33333
age,0.00000,0.33333,0.33333,0.33333
similar,0.00000,0.33333,0.33333,0.33333
especially,0.00000,0.33333,0.33333,0.33333
checkerboards,0.00000,0.33333,0.33333,0.33333
p,0.00000,0.33333,0.33333,0.33333
less,0.00000,0.33333,0.33333,0.33333
than,0.00000,0.33333,0.33333,0.33333
0,0.00000,0.33333,0.33333,0.33333
001,0.00000,0.33333,0.33333,0.33333
differences,0.00000,0.33333,0.33333,0.33333
between,0.00000,0.33333,0.33333,0.33333
hypertensive,0.00000,0.50000,0.00000,0.50000
glaucomatous,0.00000,0.50000,0.50000,0.00000
significance,0.00000,0.33333,0.33333,0.33333
difference,0.00000,0.49970,0.00060,0.49970
may,0.00000,0.33333,0.33333,0.33333
serve,0.00000,0.33333,0.33333,0.33333
important,0.00000,0.33333,0.33333,0.33333
parameter,0.00000,0.33333,0.33333,0.33333
early,0.00000,0.33333,0.33333,0.33333
comparison,0.00000,0.33333,0.33333,0.33333
secretory,0.00000,0.33333,0.33333,0.33333
iga,0.00000,0.33333,0.33333,0.33333
igg,0.00000,0.33333,0.33333,0.33333
isotype,0.00000,0.33333,0.33333,0.33333
levels,0.00000,0.33333,0.33333,0.33333
palatal,0.00000,0.33333,0.33333,0.33333
secretions,0.00000,0.33333,0.33333,0.33333
denture,0.49983,0.00000,0.49983,0.00035
stomatitis,0.50000,0.00000,0.50000,0.00000
patients,0.00000,0.33333,0.33333,0.33333
wearers,0.00000,0.33333,0.33333,0.33333
having,0.00000,0.33333,0.33333,0.33333
clinically,0.00000,0.33333,0.33333,0.33333
healthy,0.00000,0.33333,0.33333,0.33333
palates,0.00000,0.33333,0.33333,0.33333
inflammatory,0.00000,0.00000,0.00093,0.99907
affecting,0.00000,0.33333,0.33333,0.33333
mucosa,0.00000,0.33333,0.33333,0.33333
covered,0.00000,0.33333,0.33333,0.33333
aetiology,0.00000,0.33333,0.33333,0.33333
multifactorial,0.00000,0.33333,0.33333,0.33333
poor,0.00000,0.50000,0.00000,0.50000
hygiene,0.00000,0.50000,0.00000,0.50000
constant,0.00000,0.49970,0.00060,0.49970
wearing,0.00000,0.49970,0.00060,0.49970
trauma,0.00089,0.00079,0.00000,0.99832
colonisation,0.00000,0.50000,0.00000,0.50000
candida,0.00000,0.50000,0.00000,0.50000
species,0.00000,0.50000,0.00000,0.50000
inflamed,0.00000,0.00132,0.00102,0.99766
tissues,0.00000,0.00132,0.00102,0.99766
raised,0.00000,0.49970,0.00060,0.49970
albumin,0.00000,0.49970,0.00060,0.49970
isotypes,0.00000,0.49970,0.00060,0.49970
siga,0.00000,0.49970,0.00060,0.49970
would,0.00000,0.33333,0.33333,0.33333
expected,0.00000,0.33333,0.33333,0.33333
major,0.00000,0.33333,0.33333,0.33333
component,0.00000,0.33333,0.33333,0.33333
protective,0.00000,0.33333,0.33333,0.33333
immunological,0.00000,0.33333,0.33333,0.33333
response,0.00000,0.33333,0.33333,0.33333
mucosal,0.00000,0.33333,0.33333,0.33333
injection,0.00000,0.33333,0.33333,0.33333
21,0.00000,0.33333,0.33333,0.33333
22,0.00000,0.33333,0.33333,0.33333
analysed,0.00000,0.33333,0.33333,0.33333
found,0.00000,0.33333,0.33333,0.33333
higher,0.00000,0.33333,0.33333,0.33333
palate,0.00000,0.33333,0.33333,0.33333
unexpectedly,0.00000,0.33333,0.33333,0.33333
<,0.00000,0.33333,0.33333,0.33333
05,0.00000,0.33333,0.33333,0.33333
lower,0.00000,0.33333,0.33333,0.33333
percutaneous,0.00000,0.33333,0.33333,0.33333
support,0.00000,0.33333,0.33333,0.33333
failing,0.00000,0.00132,0.00102,0.99766
heart,0.00000,0.00132,0.00102,0.99766
ventricular,0.50000,0.00000,0.50000,0.00000
rv,0.50000,0.00000,0.50000,0.00000
failure,0.50000,0.00000,0.50000,0.00000
increasingly,0.00000,0.33333,0.33333,0.33333
common,0.00000,0.33333,0.33333,0.33333
problem,0.00000,0.33333,0.33333,0.33333
require,0.00000,0.33333,0.33333,0.33333
contrast,0.00000,0.33333,0.33333,0.33333
severe,0.00000,0.33333,0.33333,0.33333
typically,0.00000,0.33333,0.33333,0.33333
more,0.00000,0.33333,0.33333,0.33333
reversible,0.00000,0.33333,0.33333,0.33333
therefore,0.00000,0.33333,0.33333,0.33333
application,0.00000,0.33333,0.33333,0.33333
shorter,0.00000,0.33333,0.33333,0.33333
term,0.00000,0.33333,0.33333,0.33333
devices,0.00000,0.33333,0.33333,0.33333
potentially,0.00000,0.33333,0.33333,0.33333
attractive,0.00000,0.33333,0.33333,0.33333
current,0.00000,0.33333,0.33333,0.33333
innovations,0.00000,0.33333,0.33333,0.33333
promise,0.00000,0.33333,0.33333,0.33333
greater,0.00000,0.33333,0.33333,0.33333
availability,0.00000,0.33333,0.33333,0.33333
such,0.00000,0.33333,0.33333,0.33333
this,0.00000,0.33333,0.33333,0.33333
article,0.00000,0.33333,0.33333,0.33333
considers,0.00000,0.33333,0.33333,0.33333
available,0.00000,0.33333,0.33333,0.33333
approaches,0.00000,0.33333,0.33333,0.33333
provide,0.00000,0.33333,0.33333,0.33333
hemodynamic,0.00000,0.33333,0.33333,0.33333
treat,0.00000,0.33333,0.33333,0.33333
profound,0.00000,0.33333,0.33333,0.33333
scenarios,0.00000,0.33333,0.33333,0.33333
most,0.00000,0.33333,0.33333,0.33333
beneficial,0.00000,0.33333,0.33333,0.33333
tetralogy,0.00035,0.00000,0.49983,0.49983
fallot,0.00035,0.00000,0.49983,0.49983
levoatrial,0.50000,0.00000,0.50000,0.00000
cardinal,0.50000,0.00000,0.50000,0.00000
rare,0.00000,0.33333,0.33333,0.33333
congenital,0.00000,0.00000,0.50000,0.50000
anomaly,0.00000,0.00000,0.50000,0.50000
systemic,0.00000,0.00000,0.50000,0.50000
veins,0.00000,0.00000,0.50000,0.50000
it,0.00000,0.33333,0.33333,0.33333
frequently,0.00000,0.33333,0.33333,0.33333
side,0.00098,0.00000,0.00090,0.99812
obstructive,0.00098,0.00000,0.00090,0.99812
anomalies,0.00098,0.00000,0.00090,0.99812
innominate,0.00000,0.49970,0.00060,0.49970
absent,0.00000,0.49970,0.00060,0.49970
upper,0.00000,0.49970,0.00060,0.49970
pulmonary,0.00000,0.49970,0.00060,0.49970
connected,0.00000,0.49970,0.00060,0.49970
there,0.00000,0.33333,0.33333,0.33333
no,0.00000,0.33333,0.33333,0.33333
root,0.00000,0.33333,0.33333,0.33333
replacement,0.00000,0.33333,0.33333,0.33333
cardiac,0.00000,0.00000,0.00125,0.99875
dextroversion,0.00077,0.00000,0.00130,0.99793
adult,0.00000,0.33333,0.33333,0.33333
surgery,0.00000,0.33333,0.33333,0.33333
malrotation,0.31783,0.02893,0.34345,0.30979
60,0.00000,0.33333,0.33333,0.33333
lady,0.00000,0.33333,0.33333,0.33333
known,0.00000,0.33333,0.33333,0.33333
presented,0.00000,0.33333,0.33333,0.33333
dyspnoea,0.49970,0.00060,0.00000,0.49970
pre,0.49970,0.49970,0.00000,0.00060
syncopal,0.49970,0.49970,0.00000,0.00060
attacks,0.49970,0.49970,0.00000,0.00060
echocardiographical,0.00000,0.33333,0.33333,0.33333
investigation,0.00000,0.33333,0.33333,0.33333
clockwise,0.00000,0.49970,0.00060,0.49970
rotation,0.00000,0.49970,0.00060,0.49970
its,0.00000,0.49970,0.00060,0.49970
longitudinal,0.00000,0.49970,0.00060,0.49970
axis,0.00000,0.49970,0.00060,0.49970
resulted,0.00000,0.33333,0.33333,0.33333
outflow,0.00000,0.49970,0.00060,0.49970
tract,0.00000,0.49970,0.00060,0.49970
artery,0.00000,0.49970,0.00060,0.49970
being,0.00000,0.49970,0.00060,0.49970
wrapped,0.00000,0.49970,0.00060,0.49970
anteriorly,0.00000,0.49970,0.00060,0.49970
around,0.00000,0.49970,0.00060,0.49970
displacement,0.00000,0.49970,0.00060,0.49970
atrium,0.00000,0.49970,0.00060,0.49970
presence,0.00000,0.33333,0.33333,0.33333
heavily,0.00000,0.33333,0.33333,0.33333
calcified,0.00000,0.99793,0.00077,0.00130
bicuspid,0.00089,0.00000,0.00074,0.99838
valve,0.00089,0.00000,0.00074,0.99838
dilated,0.30979,0.34345,0.02893,0.31783
ascending,0.30979,0.34345,0.02893,0.31783
also,0.00000,0.33333,0.33333,0.33333
venous,0.00000,0.33333,0.33333,0.33333
cannulation,0.00000,0.33333,0.33333,0.33333
established,0.00000,0.33333,0.33333,0.33333
rotating,0.00000,0.33333,0.33333,0.33333
anticlockwise,0.00000,0.33333,0.33333,0.33333
access,0.00000,0.33333,0.33333,0.33333
gained,0.00000,0.33333,0.33333,0.33333
superior,0.00000,0.33333,0.33333,0.33333
oblique,0.00000,0.33333,0.33333,0.33333
aortotomy,0.00000,0.33333,0.33333,0.33333
replaced,0.00000,0.33333,0.33333,0.33333
valved,0.00000,0.33333,0.33333,0.33333
conduit,0.00000,0.33333,0.33333,0.33333
authors,0.00000,0.33333,0.33333,0.33333
',0.00000,0.33333,0.33333,0.33333
knowledge,0.00000,0.33333,0.33333,0.33333
first,0.00000,0.33333,0.33333,0.33333
iatrogenic,0.00000,0.00000,0.50000,0.50000
cyanosis,0.99824,0.00000,0.00079,0.00097
clubbing,0.99907,0.00000,0.00000,0.00093
:,0.00000,0.33333,0.33333,0.33333
25,0.00000,0.33333,0.33333,0.33333
years,0.00000,0.33333,0.33333,0.33333
chronic,0.00000,0.99829,0.00074,0.00097
hypoxia,0.99875,0.00125,0.00000,0.00000
repair,0.00000,0.33333,0.33333,0.33333
atrial,0.50000,0.00000,0.50000,0.00000
septal,0.50000,0.00000,0.50000,0.00000
defect,0.50000,0.00000,0.50000,0.00000
sinus,0.00000,0.00000,0.99915,0.00085
venosus,0.00000,0.00000,0.99915,0.00085
caval,0.00000,0.33333,0.33333,0.33333
type,0.00000,0.33333,0.33333,0.33333
unintentional,0.00000,0.33333,0.33333,0.33333
diversion,0.00000,0.49970,0.00060,0.49970
blood,0.00000,0.49970,0.00060,0.49970
reported,0.00000,0.33333,0.33333,0.33333
long,0.00000,0.33333,0.33333,0.33333
standing,0.00000,0.33333,0.33333,0.33333
anatomical,0.00000,0.33333,0.33333,0.33333
shunting,0.00035,0.49983,0.00000,0.49983
cerebrovascular,0.00000,0.00000,0.50000,0.50000
complications,0.00000,0.00000,0.50000,0.50000
risks,0.00000,0.33333,0.33333,0.33333
depend,0.00000,0.33333,0.33333,0.33333
absence,0.00000,0.33333,0.33333,0.33333
hematological,0.00093,0.00000,0.00000,0.99907
abnormalities,0.00093,0.00000,0.00000,0.99907
degree,0.00000,0.33333,0.33333,0.33333
magnetic,0.00000,0.33333,0.33333,0.33333
resonance,0.00000,0.33333,0.33333,0.33333
imaging,0.00000,0.33333,0.33333,0.33333
clarified,0.00000,0.33333,0.33333,0.33333
etiology,0.00000,0.33333,0.33333,0.33333
unexplained,0.00000,0.33333,0.33333,0.33333
delineated,0.00000,0.33333,0.33333,0.33333
surgical,0.00000,0.33333,0.33333,0.33333
anatomy,0.00000,0.33333,0.33333,0.33333
radioimmunoassay,0.33333,0.33333,0.33333,0.00000
immunoreactive,0.33333,0.33333,0.33333,0.00000
c,0.33333,0.33333,0.33333,0.00000
terminal,0.33333,0.33333,0.33333,0.00000
big,0.33333,0.33333,0.33333,0.00000
endothelin,0.33333,0.33333,0.33333,0.00000
38,0.33333,0.33333,0.33333,0.00000
potent,0.33333,0.33333,0.33333,0.00000
endogenous,0.33333,0.33333,0.33333,0.00000
vaso,0.33333,0.33333,0.33333,0.00000
constrictor,0.33333,0.33333,0.33333,0.00000
derived,0.33333,0.33333,0.33333,0.00000
biosynthetic,0.33333,0.33333,0.33333,0.00000
precursor,0.33333,0.33333,0.33333,0.00000
proteolytic,0.33333,0.33333,0.33333,0.00000
degradation,0.33333,0.33333,0.33333,0.00000
last,0.33333,0.33333,0.33333,0.00000
step,0.33333,0.33333,0.33333,0.00000
cleaves,0.33333,0.33333,0.33333,0.00000
fragment,0.33333,0.33333,0.33333,0.00000
have,0.33333,0.33333,0.33333,0.00000
developed,0.33333,0.33333,0.33333,0.00000
peptide,0.33333,0.33333,0.33333,0.00000
based,0.33333,0.33333,0.33333,0.00000
antiserum,0.33333,0.33333,0.33333,0.00000
recognizing,0.33333,0.33333,0.33333,0.00000
sequence,0.33333,0.33333,0.33333,0.00000
cross,0.33333,0.33333,0.33333,0.00000
reacting,0.33333,0.33333,0.33333,0.00000
intact,0.33333,0.33333,0.33333,0.00000
test,0.33333,0.33333,0.33333,0.00000
plasma,0.33333,0.33333,0.33333,0.00000
samples,0.33333,0.33333,0.33333,0.00000
extracted,0.33333,0.33333,0.33333,0.00000
passage,0.33333,0.33333,0.33333,0.00000
c18,0.33333,0.33333,0.33333,0.00000
silica,0.33333,0.33333,0.33333,0.00000
cartridges,0.33333,0.33333,0.33333,0.00000
desorption,0.33333,0.33333,0.33333,0.00000
methanol,0.33333,0.33333,0.33333,0.00000
/,0.33333,0.33333,0.33333,0.00000
water,0.33333,0.33333,0.33333,0.00000
volume,0.33333,0.33333,0.33333,0.00000
fraction,0.33333,0.33333,0.33333,0.00000
8,0.33333,0.33333,0.33333,0.00000
yields,0.33333,0.33333,0.33333,0.00000
purification,0.33333,0.33333,0.33333,0.00000
concentration,0.33333,0.33333,0.33333,0.00000
procedure,0.33333,0.33333,0.33333,0.00000
about,0.33333,0.33333,0.33333,0.00000
70,0.33333,0.33333,0.33333,0.00000
%,0.33333,0.33333,0.33333,0.00000
15,0.33333,0.33333,0.33333,0.00000
persons,0.33333,0.33333,0.33333,0.00000
concentrations,0.33333,0.33333,0.33333,0.00000
11,0.33333,0.33333,0.33333,0.00000
pmol,0.33333,0.33333,0.33333,0.00000
l,0.33333,0.33333,0.33333,0.00000
10,0.33333,0.33333,0.33333,0.00000
fold,0.33333,0.33333,0.33333,0.00000
reference,0.33333,0.33333,0.33333,0.00000
thus,0.33333,0.33333,0.33333,0.00000
peptides,0.33333,0.33333,0.33333,0.00000
containing,0.33333,0.33333,0.33333,0.00000
but,0.33333,0.33333,0.33333,0.00000
do,0.33333,0.33333,0.33333,0.00000
circulate,0.33333,0.33333,0.33333,0.00000
if,0.33333,0.33333,0.33333,0.00000
sufficiently,0.33333,0.33333,0.33333,0.00000
tight,0.33333,0.33333,0.33333,0.00000
correlation,0.33333,0.33333,0.33333,0.00000
circulating,0.33333,0.33333,0.33333,0.00000
can,0.33333,0.33333,0.33333,0.00000
proven,0.33333,0.33333,0.33333,0.00000
facilitate,0.33333,0.33333,0.33333,0.00000
studies,0.33333,0.33333,0.33333,0.00000
physiological,0.33333,0.33333,0.33333,0.00000
role,0.33333,0.33333,0.33333,0.00000
visualization,0.00000,0.33333,0.33333,0.33333
heterogeneous,0.00000,0.33333,0.33333,0.33333
membrane,0.00000,0.33333,0.33333,0.33333
distribution,0.00000,0.33333,0.33333,0.33333
sphingomyelin,0.00000,0.33333,0.33333,0.33333
cytokinesis,0.00000,0.33333,0.33333,0.33333
polarity,0.00000,0.33333,0.33333,0.33333
sphingolipidosis,0.49979,0.00000,0.49979,0.00042
sm,0.00000,0.33333,0.33333,0.33333
sphingolipid,0.00000,0.33333,0.33333,0.33333
mammalian,0.00000,0.33333,0.33333,0.33333
cells,0.00000,0.33333,0.33333,0.33333
form,0.00000,0.33333,0.33333,0.33333
specific,0.00000,0.33333,0.33333,0.33333
lipid,0.00000,0.33333,0.33333,0.33333
domains,0.00000,0.33333,0.33333,0.33333
cholesterol,0.00000,0.33333,0.33333,0.33333
however,0.00000,0.33333,0.33333,0.33333
methods,0.00000,0.33333,0.33333,0.33333
examine,0.00000,0.33333,0.33333,0.33333
limited,0.00000,0.33333,0.33333,0.33333
model,0.00000,0.33333,0.33333,0.33333
membranes,0.00000,0.33333,0.33333,0.33333
fluorescent,0.00000,0.33333,0.33333,0.33333
protein,0.00000,0.33333,0.33333,0.33333
conjugates,0.00000,0.33333,0.33333,0.33333
binding,0.00000,0.33333,0.33333,0.33333
toxins,0.00000,0.33333,0.33333,0.33333
lysenin,0.00000,0.33333,0.33333,0.33333
lys,0.00000,0.33333,0.33333,0.33333
equinatoxin,0.00000,0.33333,0.33333,0.33333
ii,0.00000,0.33333,0.33333,0.33333
eqtii,0.00000,0.33333,0.33333,0.33333
recognize,0.00000,0.33333,0.33333,0.33333
distributions,0.00000,0.33333,0.33333,0.33333
;,0.00000,0.33333,0.33333,0.33333
exclusively,0.00000,0.33333,0.33333,0.33333
binds,0.00000,0.33333,0.33333,0.33333
clustered,0.00000,0.33333,0.33333,0.33333
whereas,0.00000,0.33333,0.33333,0.33333
preferentially,0.00000,0.33333,0.33333,0.33333
dispersed,0.00000,0.33333,0.33333,0.33333
freeze,0.00000,0.33333,0.33333,0.33333
fracture,0.00000,0.33333,0.33333,0.33333
immunoelectron,0.00000,0.33333,0.33333,0.33333
showed,0.00000,0.33333,0.33333,0.33333
not,0.00000,0.33333,0.33333,0.33333
formed,0.00000,0.33333,0.33333,0.33333
surface,0.00000,0.33333,0.33333,0.33333
glycolipids,0.00000,0.33333,0.33333,0.33333
affect,0.00000,0.33333,0.33333,0.33333
using,0.00000,0.33333,0.33333,0.33333
derivatives,0.00000,0.33333,0.33333,0.33333
sensitive,0.00000,0.33333,0.33333,0.33333
probes,0.00000,0.33333,0.33333,0.33333
exclusive,0.00000,0.33333,0.33333,0.33333
accumulation,0.00000,0.33333,0.33333,0.33333
clusters,0.00000,0.33333,0.33333,0.33333
midbody,0.00000,0.33333,0.33333,0.33333
interestingly,0.00000,0.33333,0.33333,0.33333
apical,0.00000,0.33333,0.33333,0.33333
differentiated,0.00000,0.33333,0.33333,0.33333
epithelial,0.00000,0.33333,0.33333,0.33333
exhibited,0.00000,0.33333,0.33333,0.33333
basolateral,0.00000,0.33333,0.33333,0.33333
acid,0.00000,0.49970,0.00060,0.49970
sphingomyelinase,0.00000,0.49970,0.00060,0.49970
deficient,0.00000,0.49970,0.00060,0.49970
niemann,0.33333,0.00000,0.33333,0.33333
pick,0.33333,0.00000,0.33333,0.33333
these,0.00000,0.33333,0.33333,0.33333
data,0.00000,0.33333,0.33333,0.33333
suggest,0.00000,0.33333,0.33333,0.33333
both,0.00000,0.33333,0.33333,0.33333
content,0.00000,0.33333,0.33333,0.33333
crucial,0.00000,0.33333,0.33333,0.33333
pathophysiological,0.00000,0.33333,0.33333,0.33333
events,0.00000,0.33333,0.33333,0.33333
bringing,0.00000,0.33333,0.33333,0.33333
therapeutic,0.00000,0.33333,0.33333,0.33333
perspective,0.00000,0.33333,0.33333,0.33333
makino,0.00000,0.33333,0.33333,0.33333
abe,0.00000,0.33333,0.33333,0.33333
m,0.00000,0.33333,0.33333,0.33333
murate,0.00000,0.33333,0.33333,0.33333
inaba,0.00000,0.33333,0.33333,0.33333
t,0.00000,0.33333,0.33333,0.33333
yilmaz,0.00000,0.33333,0.33333,0.33333
n,0.00000,0.33333,0.33333,0.33333
hullin,0.00000,0.33333,0.33333,0.33333
matsuda,0.00000,0.33333,0.33333,0.33333
f,0.00000,0.33333,0.33333,0.33333
kishimoto,0.00000,0.33333,0.33333,0.33333
schieber,0.00000,0.33333,0.33333,0.33333
taguchi,0.00000,0.33333,0.33333,0.33333
arai,0.00000,0.33333,0.33333,0.33333
h,0.00000,0.33333,0.33333,0.33333
anderluh,0.00000,0.33333,0.33333,0.33333
g,0.00000,0.33333,0.33333,0.33333
parton,0.00000,0.33333,0.33333,0.33333
r,0.00000,0.33333,0.33333,0.33333
kobayashi,0.00000,0.33333,0.33333,0.33333
improvement,0.33333,0.33333,0.33333,0.00000
eeg,0.33333,0.33333,0.33333,0.00000
signal,0.33333,0.33333,0.33333,0.00000
acquisition,0.33333,0.33333,0.33333,0.00000
electrical,0.33333,0.33333,0.33333,0.00000
aspect,0.33333,0.33333,0.33333,0.00000
state,0.33333,0.33333,0.33333,0.00000
art,0.33333,0.33333,0.33333,0.00000
end,0.33333,0.33333,0.33333,0.00000
aim,0.33333,0.33333,0.33333,0.00000
practical,0.33333,0.33333,0.33333,0.00000
considerations,0.33333,0.33333,0.33333,0.00000
acquiring,0.33333,0.33333,0.33333,0.00000
satisfactory,0.33333,0.33333,0.33333,0.00000
signals,0.33333,0.33333,0.33333,0.00000
electroencephalographic,0.33333,0.33333,0.33333,0.00000
users,0.33333,0.33333,0.33333,0.00000
system,0.33333,0.33333,0.33333,0.00000
designers,0.33333,0.33333,0.33333,0.00000
choosing,0.33333,0.33333,0.33333,0.00000
correct,0.33333,0.33333,0.33333,0.00000
electrode,0.33333,0.33333,0.33333,0.00000
design,0.33333,0.33333,0.33333,0.00000
strategy,0.33333,0.33333,0.33333,0.00000
initial,0.33333,0.33333,0.33333,0.00000
electronic,0.33333,0.33333,0.33333,0.00000
circuitry,0.33333,0.33333,0.33333,0.00000
plays,0.33333,0.33333,0.33333,0.00000
improving,0.33333,0.33333,0.33333,0.00000
s,0.33333,0.33333,0.33333,0.00000
measurement,0.33333,0.33333,0.33333,0.00000
performance,0.33333,0.33333,0.33333,0.00000
considering,0.33333,0.33333,0.33333,0.00000
pitfalls,0.33333,0.33333,0.33333,0.00000
biopotential,0.33333,0.33333,0.33333,0.00000
recording,0.33333,0.33333,0.33333,0.00000
session,0.33333,0.33333,0.33333,0.00000
conditions,0.33333,0.33333,0.33333,0.00000
creates,0.33333,0.33333,0.33333,0.00000
better,0.33333,0.33333,0.33333,0.00000
accuracy,0.33333,0.33333,0.33333,0.00000
electroencephalogram,0.33333,0.33333,0.33333,0.00000
electrodes,0.33333,0.33333,0.33333,0.00000
electronics,0.33333,0.33333,0.33333,0.00000
including,0.33333,0.33333,0.33333,0.00000
filtering,0.33333,0.33333,0.33333,0.00000
amplifying,0.33333,0.33333,0.33333,0.00000
conversion,0.33333,0.33333,0.33333,0.00000
storing,0.33333,0.33333,0.33333,0.00000
environmental,0.33333,0.33333,0.33333,0.00000
paper,0.33333,0.33333,0.33333,0.00000
principles,0.33333,0.33333,0.33333,0.00000
points,0.33333,0.33333,0.33333,0.00000
noise,0.33333,0.33333,0.33333,0.00000
reduction,0.33333,0.33333,0.33333,0.00000
suggestions,0.33333,0.33333,0.33333,0.00000
comparative,0.33333,0.33333,0.33333,0.00000
vitro,0.33333,0.33333,0.33333,0.00000
activity,0.33333,0.33333,0.33333,0.00000
new,0.33333,0.33333,0.33333,0.00000
oral,0.33333,0.33333,0.33333,0.00000
cephalosporin,0.33333,0.33333,0.33333,0.00000
bmy,0.33333,0.33333,0.33333,0.00000
28100,0.33333,0.33333,0.33333,0.00000
broth,0.33333,0.33333,0.33333,0.00000
microdilution,0.33333,0.33333,0.33333,0.00000
method,0.33333,0.33333,0.33333,0.00000
against,0.33333,0.33333,0.33333,0.00000
365,0.33333,0.33333,0.33333,0.00000
strains,0.33333,0.33333,0.33333,0.00000
commonly,0.33333,0.33333,0.33333,0.00000
isolated,0.33333,0.33333,0.33333,0.00000
bacteria,0.33333,0.33333,0.33333,0.00000
determined,0.33333,0.33333,0.33333,0.00000
good,0.33333,0.33333,0.33333,0.00000
streptococci,0.33333,0.33333,0.33333,0.00000
methicillin,0.33333,0.33333,0.33333,0.00000
susceptible,0.33333,0.33333,0.33333,0.00000
staphylococci,0.33333,0.33333,0.33333,0.00000
salmonella,0.33333,0.33333,0.33333,0.00000
spp,0.33333,0.33333,0.33333,0.00000
shigella,0.33333,0.33333,0.33333,0.00000
beta,0.33333,0.33333,0.33333,0.00000
lactamase,0.33333,0.33333,0.33333,0.00000
producing,0.33333,0.33333,0.33333,0.00000
branhamella,0.33333,0.33333,0.33333,0.00000
catarrhalis,0.33333,0.33333,0.33333,0.00000
haemophilus,0.33333,0.33333,0.33333,0.00000
influenzae,0.33333,0.33333,0.33333,0.00000
organisms,0.33333,0.33333,0.33333,0.00000
comparable,0.33333,0.33333,0.33333,0.00000
penicillin,0.33333,0.33333,0.33333,0.00000
ampicillin,0.33333,0.33333,0.33333,0.00000
co,0.33333,0.33333,0.33333,0.00000
trimoxazole,0.33333,0.33333,0.33333,0.00000
erythromycin,0.33333,0.33333,0.33333,0.00000
cefaclor,0.33333,0.33333,0.33333,0.00000
doxycycline,0.33333,0.33333,0.33333,0.00000
amoxicillin,0.33333,0.33333,0.33333,0.00000
potassium,0.33333,0.33333,0.33333,0.00000
clavulanate,0.33333,0.33333,0.33333,0.00000
had,0.33333,0.33333,0.33333,0.00000
moderate,0.33333,0.33333,0.33333,0.00000
arizona,0.33333,0.33333,0.33333,0.00000
hinshawii,0.33333,0.33333,0.33333,0.00000
campylobacter,0.33333,0.33333,0.33333,0.00000
jejuni,0.33333,0.33333,0.33333,0.00000
yersinia,0.33333,0.33333,0.33333,0.00000
enterocolitica,0.33333,0.33333,0.33333,0.00000
reimplantation,0.00000,0.50000,0.50000,0.00000
ectopic,0.00000,0.50000,0.50000,0.00000
ureter,0.00000,0.50000,0.50000,0.00000
duplex,0.00000,0.50000,0.50000,0.00000
separate,0.00000,0.50000,0.50000,0.00000
unit,0.00000,0.50000,0.50000,0.00000
provided,0.00000,0.50000,0.50000,0.00000
alternative,0.00000,0.50000,0.50000,0.00000
ureters,0.50000,0.00000,0.50000,0.00000
whom,0.00000,0.50000,0.50000,0.00000
ureteroureterostomy,0.00000,0.50000,0.50000,0.00000
double,0.00000,0.50000,0.50000,0.00000
might,0.00000,0.50000,0.50000,0.00000
compromised,0.00000,0.50000,0.50000,0.00000
smaller,0.00000,0.50000,0.50000,0.00000
caliber,0.00000,0.50000,0.50000,0.00000
folliculitis,0.49979,0.00000,0.49979,0.00042
follicular,0.49979,0.00000,0.49979,0.00042
mucinosis,0.49979,0.00000,0.49979,0.00042
papular,0.49979,0.00000,0.49979,0.00042
presentation,0.00000,0.33333,0.33333,0.33333
myelomonocytic,0.33333,0.00000,0.33333,0.33333
leukemia,0.33333,0.00000,0.33333,0.33333
leukemias,0.33333,0.00000,0.33333,0.33333
lymphomas,0.33333,0.00000,0.33333,0.33333
indolent,0.00000,0.33333,0.33333,0.33333
surprisingly,0.00000,0.33333,0.33333,0.33333
unusual,0.00000,0.33333,0.33333,0.33333
manners,0.00000,0.33333,0.33333,0.33333
although,0.00000,0.33333,0.33333,0.33333
uncommon,0.00000,0.33333,0.33333,0.33333
lesions,0.99787,0.00131,0.00000,0.00082
eosinophilic,0.99930,0.00000,0.00070,0.00000
been,0.00000,0.33333,0.33333,0.33333
association,0.00000,0.33333,0.33333,0.33333
novel,0.00000,0.33333,0.33333,0.33333
associations,0.00000,0.33333,0.33333,0.33333
acute,0.49970,0.00060,0.49970,0.00000
straight,0.49970,0.00060,0.49970,0.00000
instability,0.49970,0.00060,0.49970,0.00000
knee,0.49970,0.00060,0.49970,0.00000
ligamentous,0.00082,0.00131,0.99787,0.00000
injuries,0.00082,0.00131,0.99787,0.00000
joint,0.00082,0.00131,0.99787,0.00000
represent,0.00000,0.50000,0.50000,0.00000
orthopaedic,0.00000,0.50000,0.50000,0.00000
damage,0.00037,0.49982,0.49982,0.00000
supporting,0.00037,0.49982,0.49982,0.00000
structures,0.00037,0.49982,0.49982,0.00000
relatively,0.00000,0.50000,0.50000,0.00000
occurrence,0.00000,0.50000,0.50000,0.00000
osteosarcoma,0.33333,0.00000,0.33333,0.33333
medial,0.00000,0.00035,0.49983,0.49983
cuniform,0.00000,0.00035,0.49983,0.49983
bone,0.00000,0.00035,0.49983,0.49983
malignancy,0.49979,0.00000,0.49979,0.00042
childhood,0.00000,0.33333,0.33333,0.33333
adolescent,0.00000,0.33333,0.33333,0.33333
related,0.00000,0.49970,0.00060,0.49970
marrow,0.00000,0.49970,0.00060,0.49970
usually,0.00000,0.33333,0.33333,0.33333
occurs,0.00000,0.33333,0.33333,0.33333
bones,0.00000,0.33333,0.33333,0.33333
foot,0.00000,0.33333,0.33333,0.33333
very,0.00000,0.33333,0.33333,0.33333
here,0.00000,0.33333,0.33333,0.33333
i,0.00000,0.33333,0.33333,0.33333
tried,0.00000,0.33333,0.33333,0.33333
cuneiform,0.00000,0.00000,0.50000,0.50000
responding,0.00000,0.33333,0.33333,0.33333
evidence,0.00000,0.33333,0.33333,0.33333
breastfeed,0.00000,0.33333,0.33333,0.33333
baby,0.00000,0.33333,0.33333,0.33333
you,0.00000,0.33333,0.33333,0.33333
sixth,0.00000,0.33333,0.33333,0.33333
public,0.00000,0.33333,0.33333,0.33333
health,0.00000,0.33333,0.33333,0.33333
recommendation,0.00000,0.33333,0.33333,0.33333
reduce,0.00000,0.33333,0.33333,0.33333
risk,0.00000,0.33333,0.33333,0.33333
sudden,0.00000,0.00000,0.50000,0.50000
unexpected,0.00000,0.00000,0.50000,0.50000
death,0.00000,0.00000,0.50000,0.50000
infancy,0.00000,0.00000,0.50000,0.50000
abundant,0.00000,0.33333,0.33333,0.33333
recognises,0.00000,0.33333,0.33333,0.33333
breastfeeding,0.00000,0.33333,0.33333,0.33333
significant,0.00000,0.33333,0.33333,0.33333
short,0.00000,0.33333,0.33333,0.33333
benefits,0.00000,0.33333,0.33333,0.33333
infant,0.00000,0.33333,0.33333,0.33333
mother,0.00000,0.33333,0.33333,0.33333
until,0.00000,0.33333,0.33333,0.33333
recently,0.00000,0.33333,0.33333,0.33333
independent,0.00000,0.33333,0.33333,0.33333
factor,0.00000,0.33333,0.33333,0.33333
reducing,0.00000,0.33333,0.33333,0.33333
remained,0.00000,0.33333,0.33333,0.33333
unclear,0.00000,0.33333,0.33333,0.33333
october,0.00000,0.33333,0.33333,0.33333
2010,0.00000,0.33333,0.33333,0.33333
sids,0.00060,0.00000,0.49970,0.49970
kids,0.00000,0.33333,0.33333,0.33333
australia,0.00000,0.33333,0.33333,0.33333
held,0.00000,0.33333,0.33333,0.33333
consensus,0.00000,0.33333,0.33333,0.33333
forum,0.00000,0.33333,0.33333,0.33333
international,0.00000,0.33333,0.33333,0.33333
researchers,0.00000,0.33333,0.33333,0.33333
key,0.00000,0.33333,0.33333,0.33333
stakeholders,0.00000,0.33333,0.33333,0.33333
review,0.00000,0.33333,0.33333,0.33333
relating,0.00000,0.33333,0.33333,0.33333
safe,0.00000,0.33333,0.33333,0.33333
sleeping,0.00000,0.33333,0.33333,0.33333
recommendations,0.00000,0.33333,0.33333,0.33333
following,0.00000,0.33333,0.33333,0.33333
publication,0.00000,0.33333,0.33333,0.33333
reviews,0.00000,0.33333,0.33333,0.33333
national,0.00000,0.33333,0.33333,0.33333
scientific,0.00000,0.33333,0.33333,0.33333
advisory,0.00000,0.33333,0.33333,0.33333
group,0.00000,0.33333,0.33333,0.33333
has,0.00000,0.33333,0.33333,0.33333
supported,0.00000,0.33333,0.33333,0.33333
decision,0.00000,0.33333,0.33333,0.33333
critical,0.00000,0.33333,0.33333,0.33333
threshold,0.00000,0.33333,0.33333,0.33333
within,0.00000,0.33333,0.33333,0.33333
supportive,0.00000,0.33333,0.33333,0.33333
measure,0.00000,0.33333,0.33333,0.33333
will,0.00000,0.33333,0.33333,0.33333
included,0.00000,0.33333,0.33333,0.33333
2012,0.00000,0.33333,0.33333,0.33333
campaign,0.00000,0.33333,0.33333,0.33333
abusive,0.00000,0.00000,0.50000,0.50000
head,0.00089,0.00000,0.00074,0.99838
infants,0.00000,0.33333,0.33333,0.33333
young,0.00000,0.33333,0.33333,0.33333
children,0.00000,0.33333,0.33333,0.33333
unique,0.00000,0.33333,0.33333,0.33333
contributor,0.00000,0.33333,0.33333,0.33333
developmental,0.30029,0.35069,0.31657,0.03245
disabilities,0.30029,0.35069,0.31657,0.03245
leading,0.00000,0.33333,0.33333,0.33333
cause,0.00000,0.33333,0.33333,0.33333
disability,0.00000,0.49982,0.00037,0.49982
child,0.00000,0.00000,0.99907,0.00093
abuse,0.00000,0.00000,0.99907,0.00093
discusses,0.00000,0.33333,0.33333,0.33333
epidemiology,0.00000,0.33333,0.33333,0.33333
aspects,0.00000,0.33333,0.33333,0.33333
outcomes,0.00000,0.33333,0.33333,0.33333
prevention,0.00000,0.33333,0.33333,0.33333
neglect,0.00000,0.49977,0.00045,0.49977
osteotomy,0.00000,0.33333,0.33333,0.33333
sacrum,0.00000,0.33333,0.33333,0.33333
malignant,0.99915,0.00000,0.00000,0.00085
iliac,0.49979,0.00000,0.49979,0.00042
modified,0.00000,0.33333,0.33333,0.33333
threadwire,0.00000,0.33333,0.33333,0.33333
saw,0.00000,0.33333,0.33333,0.33333
tumors,0.00098,0.00000,0.99812,0.00090
conducted,0.00000,0.33333,0.33333,0.33333
issignificantly,0.00000,0.33333,0.33333,0.33333
wide,0.00000,0.33333,0.33333,0.33333
rapid,0.00000,0.33333,0.33333,0.33333
septic,0.33333,0.00000,0.33333,0.33333
arthritis,0.33333,0.00000,0.33333,0.33333
hip,0.00000,0.33333,0.33333,0.33333
delay,0.00000,0.33333,0.33333,0.33333
treatment,0.00000,0.33333,0.33333,0.33333
lead,0.00000,0.33333,0.33333,0.33333
permanent,0.00000,0.33333,0.33333,0.33333
difficult,0.00000,0.33333,0.33333,0.33333
management,0.00000,0.33333,0.33333,0.33333
reviewed,0.00000,0.33333,0.33333,0.33333
epidemiological,0.00000,0.33333,0.33333,0.33333
median,0.99925,0.00000,0.00000,0.00075
nerve,0.99925,0.00000,0.00000,0.00075
dysfunction,0.99925,0.00000,0.00000,0.00075
practicing,0.00000,0.33333,0.33333,0.33333
dental,0.00000,0.33333,0.33333,0.33333
hygienists,0.00000,0.33333,0.33333,0.33333
purpose,0.00000,0.33333,0.33333,0.33333
assess,0.00000,0.33333,0.33333,0.33333
over,0.00000,0.33333,0.33333,0.33333
changes,0.00000,0.49970,0.00060,0.49970
function,0.00000,0.49970,0.00060,0.49970
20,0.00000,0.33333,0.33333,0.33333
students,0.00000,0.33333,0.33333,0.33333
who,0.00000,0.33333,0.33333,0.33333
university,0.00000,0.33333,0.33333,0.33333
minnesota,0.00000,0.33333,0.33333,0.33333
program,0.00000,0.33333,0.33333,0.33333
1986,0.00000,0.33333,0.33333,0.33333
follow,0.00000,0.33333,0.33333,0.33333
16,0.00000,0.33333,0.33333,0.33333
evaluated,0.00000,0.33333,0.33333,0.33333
postgraduation,0.00000,0.33333,0.33333,0.33333
1990,0.00000,0.33333,0.33333,0.33333
comparisons,0.00000,0.33333,0.33333,0.33333
made,0.00000,0.33333,0.33333,0.33333
evaluations,0.00000,0.33333,0.33333,0.33333
subjects,0.00000,0.33333,0.33333,0.33333
completed,0.00000,0.33333,0.33333,0.33333
graduation,0.00000,0.33333,0.33333,0.33333
1988,0.00000,0.33333,0.33333,0.33333
1989,0.00000,0.33333,0.33333,0.33333
digital,0.00000,0.33333,0.33333,0.33333
vibrometry,0.00000,0.33333,0.33333,0.33333
used,0.00000,0.33333,0.33333,0.33333
evaluate,0.00000,0.33333,0.33333,0.33333
sensibility,0.00000,0.49970,0.00060,0.49970
each,0.00000,0.33333,0.33333,0.33333
periods,0.00000,0.33333,0.33333,0.33333
studied,0.00000,0.33333,0.33333,0.33333
analysis,0.00000,0.33333,0.33333,0.33333
practice,0.00000,0.33333,0.33333,0.33333
mean,0.00000,0.49970,0.00060,0.49970
shift,0.00000,0.49970,0.00060,0.49970
04,0.00000,0.33333,0.33333,0.33333
42,0.00000,0.33333,0.33333,0.33333
measured,0.00000,0.33333,0.33333,0.33333
results,0.00000,0.33333,0.33333,0.33333
indicated,0.00000,0.33333,0.33333,0.33333
observed,0.00000,0.33333,0.33333,0.33333
earlier,0.00000,0.33333,0.33333,0.33333
arrested,0.00000,0.33333,0.33333,0.33333
reasons,0.00000,0.33333,0.33333,0.33333
appeared,0.00000,0.33333,0.33333,0.33333
twofold,0.00000,0.33333,0.33333,0.33333
period,0.00000,0.33333,0.33333,0.33333
work,0.00000,0.33333,0.33333,0.33333
hardening,0.00000,0.33333,0.33333,0.33333
concept,0.00000,0.33333,0.33333,0.33333
neuromuscular,0.00000,0.00000,0.50000,0.50000
tissue,0.00085,0.00000,0.00000,0.99915
hypertrophy,0.00130,0.00077,0.00000,0.99793
adaptation,0.00000,0.33333,0.33333,0.33333
rigors,0.00000,0.33333,0.33333,0.33333
hygienist,0.00000,0.33333,0.33333,0.33333
learned,0.00000,0.33333,0.33333,0.33333
become,0.00000,0.33333,0.33333,0.33333
efficient,0.00000,0.33333,0.33333,0.33333
provision,0.00000,0.33333,0.33333,0.33333
procedures,0.00000,0.33333,0.33333,0.33333
symptoms,0.00000,0.33333,0.33333,0.33333
none,0.00000,0.33333,0.33333,0.33333
diagnosed,0.00000,0.33333,0.33333,0.33333
cts,0.33333,0.00000,0.33333,0.33333
any,0.00000,0.33333,0.33333,0.33333
during,0.00000,0.33333,0.33333,0.33333
since,0.00000,0.33333,0.33333,0.33333
continued,0.00000,0.33333,0.33333,0.33333
necessary,0.00000,0.33333,0.33333,0.33333
determine,0.00000,0.33333,0.33333,0.33333
whether,0.00000,0.33333,0.33333,0.33333
observations,0.00000,0.33333,0.33333,0.33333
noted,0.00000,0.33333,0.33333,0.33333
second,0.00000,0.33333,0.33333,0.33333
temporary,0.00000,0.33333,0.33333,0.33333
slowing,0.00000,0.33333,0.33333,0.33333
development,0.00000,0.33333,0.33333,0.33333
split,0.00000,0.33333,0.33333,0.33333
intrarenal,0.00000,0.33333,0.33333,0.33333
hemodynamics,0.00000,0.33333,0.33333,0.33333
renovascular,0.50000,0.00000,0.50000,0.00000
stenotic,0.00000,0.33333,0.33333,0.33333
contralateral,0.00000,0.33333,0.33333,0.33333
kidneys,0.00000,0.33333,0.33333,0.33333
unilateral,0.00000,0.00132,0.99775,0.00093
rvh,0.50000,0.00000,0.50000,0.00000
estimated,0.00000,0.33333,0.33333,0.33333
gomez,0.00000,0.33333,0.33333,0.33333
formulae,0.00000,0.33333,0.33333,0.33333
ten,0.00000,0.33333,0.33333,0.33333
para,0.00000,0.49970,0.00060,0.49970
amino,0.00000,0.49970,0.00060,0.49970
hippurate,0.00000,0.49970,0.00060,0.49970
inulin,0.00000,0.49970,0.00060,0.49970
clearances,0.00000,0.49970,0.00060,0.49970
ureteral,0.00000,0.33333,0.33333,0.33333
catheterization,0.00000,0.33333,0.33333,0.33333
indexes,0.00000,0.33333,0.33333,0.33333
flow,0.00000,0.49970,0.00060,0.49970
glomerular,0.00000,0.49970,0.00060,0.49970
filtration,0.00000,0.49970,0.00060,0.49970
rates,0.00000,0.49970,0.00060,0.49970
allowing,0.00000,0.33333,0.33333,0.33333
estimation,0.00000,0.33333,0.33333,0.33333
preglomerular,0.00000,0.49970,0.00060,0.49970
arteriolar,0.00000,0.49970,0.00060,0.49970
resistance,0.00000,0.49970,0.00060,0.49970
postglomerular,0.00000,0.49970,0.00060,0.49970
hydrostatic,0.00000,0.49970,0.00060,0.49970
pressure,0.00000,0.49970,0.00060,0.49970
83,0.00000,0.33333,0.33333,0.33333
+,0.00000,0.33333,0.33333,0.33333
12,0.00000,0.33333,0.33333,0.33333
19,0.00000,0.33333,0.33333,0.33333
ml,0.00000,0.33333,0.33333,0.33333
min,0.00000,0.33333,0.33333,0.33333
m2,0.00000,0.33333,0.33333,0.33333
170,0.00000,0.33333,0.33333,0.33333
43,0.00000,0.33333,0.33333,0.33333
4,0.00000,0.33333,0.33333,0.33333
elevated,0.00000,0.49970,0.00060,0.49970
due,0.00000,0.49970,0.00060,0.49970
lesion,0.00000,0.50000,0.00000,0.50000
900,0.00000,0.33333,0.33333,0.33333
500,0.00000,0.33333,0.33333,0.33333
dyns,0.00000,0.33333,0.33333,0.33333
sec,0.00000,0.33333,0.33333,0.33333
cm,0.00000,0.33333,0.33333,0.33333
5,0.00000,0.33333,0.33333,0.33333
while,0.00000,0.33333,0.33333,0.33333
elevation,0.00000,0.33333,0.33333,0.33333
300,0.00000,0.33333,0.33333,0.33333
000,0.00000,0.33333,0.33333,0.33333
high,0.00000,0.49970,0.00060,0.49970
lowered,0.00000,0.49970,0.00060,0.49970
54,0.00000,0.33333,0.33333,0.33333
mmhg,0.00000,0.33333,0.33333,0.33333
3,0.00000,0.33333,0.33333,0.33333
protected,0.00000,0.33333,0.33333,0.33333
138,0.00000,0.33333,0.33333,0.33333
6,0.00000,0.33333,0.33333,0.33333
stenosis,0.03047,0.34668,0.32090,0.30195
increase,0.00000,0.49970,0.00060,0.49970
sufficient,0.00000,0.33333,0.33333,0.33333
making,0.00000,0.33333,0.33333,0.33333
hyperfiltration,0.00000,0.99775,0.00093,0.00132
paget,0.33333,0.00000,0.33333,0.33333
disease,0.33333,0.00000,0.33333,0.33333
complicated,0.00000,0.33333,0.33333,0.33333
hydrocephalus,0.99793,0.00130,0.00077,0.00000
syringomyelia,0.49970,0.00060,0.49970,0.00000
skull,0.00000,0.33333,0.33333,0.33333
basilar,0.00000,0.00130,0.99793,0.00077
impression,0.00000,0.00130,0.99793,0.00077
briefly,0.00000,0.33333,0.33333,0.33333
strategies,0.00000,0.33333,0.33333,0.33333
outlined,0.00000,0.33333,0.33333,0.33333
hemiplegia,0.33333,0.00000,0.33333,0.33333
vegetativa,0.33333,0.00000,0.33333,0.33333
alterna,0.33333,0.00000,0.33333,0.33333
ipsilateral,0.33333,0.00000,0.33333,0.33333
horner,0.33333,0.00000,0.33333,0.33333
syndrome,0.33333,0.00000,0.33333,0.33333
hemihyperhidrosis,0.99930,0.00000,0.00070,0.00000
proximal,0.00000,0.00060,0.49970,0.49970
cerebral,0.30029,0.35069,0.31657,0.03245
occlusion,0.00000,0.99915,0.00085,0.00000
background,0.00000,0.33333,0.33333,0.33333
pca,0.33333,0.00000,0.33333,0.33333
occlusive,0.33333,0.00000,0.33333,0.33333
produces,0.00000,0.33333,0.33333,0.33333
homonymous,0.49970,0.49970,0.00000,0.00060
field,0.49970,0.49970,0.00000,0.00060
defects,0.49970,0.49970,0.00000,0.00060
hemisensory,0.49970,0.00060,0.00000,0.49970
loss,0.49970,0.00060,0.00000,0.49970
neuropsychological,0.49970,0.00060,0.00000,0.49970
deficits,0.49970,0.00060,0.00000,0.49970
conversely,0.00000,0.33333,0.33333,0.33333
combination,0.00000,0.33333,0.33333,0.33333
hemiparesis,0.30195,0.34668,0.03047,0.32090
never,0.00000,0.33333,0.33333,0.33333
before,0.00000,0.33333,0.33333,0.33333
description,0.00000,0.33333,0.33333,0.33333
infarction,0.30195,0.34668,0.03047,0.32090
superficial,0.00000,0.33333,0.33333,0.33333
deep,0.00000,0.33333,0.33333,0.33333
territories,0.00000,0.33333,0.33333,0.33333
picture,0.00000,0.33333,0.33333,0.33333
disclosed,0.00000,0.33333,0.33333,0.33333
infarcts,0.00082,0.00131,0.00000,0.99787
anterolateral,0.00000,0.33333,0.33333,0.33333
midbrain,0.00000,0.33333,0.33333,0.33333
ventroposterolateral,0.00000,0.33333,0.33333,0.33333
thalamic,0.00000,0.33333,0.33333,0.33333
subthalamic,0.00000,0.33333,0.33333,0.33333
area,0.00000,0.33333,0.33333,0.33333
temporo,0.00000,0.33333,0.33333,0.33333
occipital,0.00000,0.33333,0.33333,0.33333
lobes,0.00000,0.33333,0.33333,0.33333
conclusions,0.00000,0.33333,0.33333,0.33333
alternating,0.00000,0.00000,0.50000,0.50000
vegetative,0.00037,0.00000,0.49982,0.49982
supports,0.00000,0.33333,0.33333,0.33333
hypothesis,0.00000,0.33333,0.33333,0.33333
existence,0.00000,0.33333,0.33333,0.33333
uncrossed,0.00000,0.33333,0.33333,0.33333
excitatory,0.00000,0.33333,0.33333,0.33333
crossed,0.00000,0.33333,0.33333,0.33333
inhibitory,0.00000,0.33333,0.33333,0.33333
hypothalamospinal,0.00000,0.33333,0.33333,0.33333
sympathetic,0.00000,0.33333,0.33333,0.33333
pathway,0.00000,0.33333,0.33333,0.33333
erythema,0.99907,0.00000,0.00000,0.00093
multiforme,0.99907,0.00000,0.00000,0.00093
minor,0.99907,0.00000,0.00000,0.00093
vaccination,0.00000,0.33333,0.33333,0.33333
paediatric,0.00000,0.33333,0.33333,0.33333
vaccines,0.00000,0.33333,0.33333,0.33333
cases,0.00000,0.33333,0.33333,0.33333
tetanus,0.49970,0.00000,0.00060,0.49970
diphtheria,0.49970,0.00000,0.00060,0.49970
revaccination,0.00000,0.49970,0.00060,0.49970
acellular,0.00000,0.00093,0.00132,0.99775
pertussis,0.99766,0.00000,0.00132,0.00102
inactivated,0.00000,0.00093,0.00132,0.99775
polio,0.49970,0.00000,0.00060,0.49970
haemophillus,0.00000,0.00000,0.00125,0.99875
vaccine,0.00000,0.49970,0.00060,0.49970
suggesting,0.00000,0.33333,0.33333,0.33333
toxoids,0.00000,0.49970,0.00060,0.49970
precipitating,0.00000,0.33333,0.33333,0.33333
subperiosteal,0.49979,0.00000,0.49979,0.00042
osteoid,0.49979,0.00000,0.49979,0.00042
osteoma,0.49979,0.00000,0.49979,0.00042
distal,0.00000,0.33333,0.33333,0.33333
phalanx,0.00000,0.33333,0.33333,0.33333
thumb,0.00000,0.33333,0.33333,0.33333
osteomas,0.49979,0.00000,0.49979,0.00042
subgrouped,0.00000,0.33333,0.33333,0.33333
cancellous,0.00000,0.33333,0.33333,0.33333
cortical,0.00000,0.33333,0.33333,0.33333
hand,0.00000,0.33333,0.33333,0.33333
location,0.00000,0.49970,0.00060,0.49970
described,0.00000,0.33333,0.33333,0.33333
illustrates,0.00000,0.33333,0.33333,0.33333
radiographic,0.00000,0.33333,0.33333,0.33333
relief,0.00000,0.33333,0.33333,0.33333
factitious,0.99875,0.00125,0.00000,0.00000
coarctation,0.99875,0.00125,0.00000,0.00000
large,0.00000,0.49979,0.49979,0.00042
patent,0.00125,0.00000,0.99875,0.00000
ductus,0.00125,0.00000,0.99875,0.00000
arteriosus,0.00125,0.00000,0.99875,0.00000
gianturco,0.00000,0.33333,0.33333,0.33333
grifka,0.00000,0.33333,0.33333,0.33333
vascular,0.00000,0.33333,0.33333,0.33333
occluder,0.00000,0.33333,0.33333,0.33333
pda,0.00125,0.00000,0.99875,0.00000
hypoplastic,0.99775,0.00132,0.00000,0.00093
isthmus,0.00000,0.99915,0.00000,0.00085
presenting,0.00000,0.33333,0.33333,0.33333
ductal,0.00000,0.49970,0.00060,0.49970
transcatheter,0.00000,0.33333,0.33333,0.33333
gradient,0.00000,0.49970,0.00060,0.49970
resolved,0.00000,0.33333,0.33333,0.33333
thereby,0.00000,0.33333,0.33333,0.33333
eliminating,0.00000,0.33333,0.33333,0.33333
need,0.00000,0.33333,0.33333,0.33333
coexisting,0.00000,0.33333,0.33333,0.33333
central,0.00000,0.00035,0.49983,0.49983
diabetes,0.33333,0.00000,0.33333,0.33333
insipidus,0.33333,0.00000,0.33333,0.33333
psychogenic,0.00098,0.00000,0.99812,0.00090
polydipsia,0.50000,0.00000,0.50000,0.00000
schizophrenic,0.00000,0.00000,0.50000,0.50000
coexisted,0.00000,0.33333,0.33333,0.33333
possible,0.00000,0.33333,0.33333,0.33333
relationship,0.00000,0.33333,0.33333,0.33333
vasopressin,0.00000,0.50000,0.00000,0.50000
release,0.00000,0.50000,0.00000,0.50000
hypothesized,0.00000,0.33333,0.33333,0.33333
lung,0.00000,0.00000,0.50000,0.50000
neoplasm,0.99812,0.00000,0.00090,0.00098
mimicking,0.00000,0.33333,0.33333,0.33333
myocardial,0.49979,0.00000,0.00042,0.49979
involvement,0.00000,0.33333,0.33333,0.33333
pericardium,0.00000,0.33333,0.33333,0.33333
cancer,0.33333,0.00000,0.33333,0.33333
metastases,0.00000,0.00125,0.00000,0.99875
frequent,0.00000,0.33333,0.33333,0.33333
neoplasms,0.49979,0.00000,0.00042,0.49979
metastatic,0.49970,0.00000,0.00060,0.49970
manifestation,0.00000,0.33333,0.33333,0.33333
chest,0.99766,0.00132,0.00000,0.00102
rotaviral,0.33333,0.00000,0.33333,0.33333
gastroenteritis,0.49979,0.00000,0.49979,0.00042
tbilisi,0.00000,0.33333,0.33333,0.33333
electrophoretypes,0.00000,0.33333,0.33333,0.33333
107,0.00000,0.33333,0.33333,0.33333
isolates,0.00000,0.33333,0.33333,0.33333
collected,0.00000,0.33333,0.33333,0.33333
18,0.00000,0.33333,0.33333,0.33333
months,0.00000,0.33333,0.33333,0.33333
seven,0.00000,0.33333,0.33333,0.33333
patterns,0.00000,0.33333,0.33333,0.33333
represented,0.00000,0.33333,0.33333,0.33333
74,0.00000,0.33333,0.33333,0.33333
total,0.00000,0.33333,0.33333,0.33333
number,0.00000,0.33333,0.33333,0.33333
dominated,0.00000,0.33333,0.33333,0.33333
whole,0.00000,0.33333,0.33333,0.33333
seasonal,0.00000,0.33333,0.33333,0.33333
various,0.00000,0.33333,0.33333,0.33333
appearance,0.00000,0.33333,0.33333,0.33333
registered,0.00000,0.33333,0.33333,0.33333
electrophoretype,0.00000,0.33333,0.33333,0.33333
detected,0.00000,0.33333,0.33333,0.33333
hageman,0.00000,0.33333,0.33333,0.33333
xii,0.00000,0.33333,0.33333,0.33333
secific,0.00000,0.33333,0.33333,0.33333
reproducible,0.00000,0.33333,0.33333,0.33333
hf,0.00000,0.33333,0.33333,0.33333
factory,0.00000,0.33333,0.33333,0.33333
purified,0.00000,0.33333,0.33333,0.33333
monospecific,0.00000,0.33333,0.33333,0.33333
rabbit,0.00000,0.33333,0.33333,0.33333
antibody,0.00000,0.33333,0.33333,0.33333
precise,0.00000,0.33333,0.33333,0.33333
measurements,0.00000,0.33333,0.33333,0.33333
antigen,0.00000,0.33333,0.33333,0.33333
low,0.00000,0.33333,0.33333,0.33333
pooled,0.00000,0.33333,0.33333,0.33333
=,0.00000,0.33333,0.33333,0.33333
82,0.00000,0.33333,0.33333,0.33333
existed,0.00000,0.33333,0.33333,0.33333
titers,0.00000,0.33333,0.33333,0.33333
clot,0.00000,0.33333,0.33333,0.33333
promoting,0.00000,0.33333,0.33333,0.33333
assays,0.00000,0.33333,0.33333,0.33333
radioimmunoassays,0.00000,0.33333,0.33333,0.33333
among,0.00000,0.33333,0.33333,0.33333
adults,0.00000,0.33333,0.33333,0.33333
confirming,0.00000,0.33333,0.33333,0.33333
trait,0.00000,0.00000,0.50000,0.50000
other,0.00000,0.33333,0.33333,0.33333
plasmas,0.00000,0.33333,0.33333,0.33333
individuals,0.00000,0.33333,0.33333,0.33333
fletcher,0.00089,0.00000,0.00079,0.99832
fitzgerald,0.00089,0.00000,0.00079,0.99832
contained,0.00000,0.33333,0.33333,0.33333
amounts,0.00000,0.49970,0.00060,0.49970
reduced,0.00000,0.49970,0.00060,0.49970
disseminated,0.00089,0.00000,0.99832,0.00079
intravascular,0.00089,0.00000,0.99832,0.00079
coagulation,0.00089,0.00000,0.99832,0.00079
advanced,0.00000,0.33333,0.33333,0.33333
liver,0.00000,0.00132,0.00102,0.99766
cirrhosis,0.34345,0.02893,0.31783,0.30979
under,0.00000,0.49970,0.00060,0.49970
warfarin,0.00000,0.49970,0.00060,0.49970
assay,0.00000,0.33333,0.33333,0.33333
primates,0.00000,0.33333,0.33333,0.33333
detectable,0.00000,0.33333,0.33333,0.33333
nonprimate,0.00000,0.33333,0.33333,0.33333
avian,0.00000,0.33333,0.33333,0.33333
progressive,0.00000,0.00000,0.99930,0.00070
facial,0.99849,0.00000,0.00078,0.00073
hemiatrophy,0.99849,0.00000,0.00078,0.00073
epileptic,0.49977,0.00000,0.49977,0.00045
seizures,0.99812,0.00000,0.00090,0.00098
intractable,0.00000,0.00035,0.49983,0.49983
complex,0.00000,0.00000,0.50000,0.50000
partial,0.00000,0.00000,0.50000,0.50000
female,0.00000,0.33333,0.33333,0.33333
intracranial,0.00000,0.33333,0.33333,0.33333
computed,0.00000,0.33333,0.33333,0.33333
tomography,0.00000,0.33333,0.33333,0.33333
frontal,0.00102,0.99766,0.00000,0.00132
paramedian,0.00102,0.99766,0.00000,0.00132
band,0.00102,0.99766,0.00000,0.00132
like,0.00102,0.99766,0.00000,0.00132
depression,0.00102,0.99766,0.00000,0.00132
gradually,0.00000,0.33333,0.33333,0.33333
thereafter,0.00000,0.33333,0.33333,0.33333
parry,0.33333,0.00000,0.33333,0.33333
romberg,0.33333,0.00000,0.33333,0.33333
parenchymal,0.33333,0.33333,0.00000,0.33333
calcifications,0.33333,0.33333,0.00000,0.33333
density,0.00000,0.50000,0.00000,0.50000
areas,0.00000,0.50000,0.00000,0.50000
matter,0.00000,0.50000,0.00000,0.50000
frontoparietal,0.00000,0.50000,0.00000,0.50000
neurologic,0.00000,0.33333,0.33333,0.33333
could,0.00000,0.33333,0.33333,0.33333
precede,0.00000,0.33333,0.33333,0.33333
succeeding,0.00000,0.33333,0.33333,0.33333
neurocutaneous,0.00000,0.49970,0.00060,0.49970
remote,0.00060,0.49970,0.49970,0.00000
unpolluted,0.00060,0.49970,0.49970,0.00000
rural,0.00060,0.49970,0.49970,0.00000
south,0.00060,0.49970,0.49970,0.00000
africa,0.00060,0.49970,0.49970,0.00000
14,0.00060,0.49970,0.49970,0.00000
olds,0.00060,0.49970,0.49970,0.00000
wupperthal,0.00060,0.49970,0.49970,0.00000
north,0.00060,0.49970,0.49970,0.00000
western,0.00060,0.49970,0.49970,0.00000
cape,0.00060,0.49970,0.49970,0.00000
province,0.00060,0.49970,0.49970,0.00000
graphite,0.00060,0.49970,0.49970,0.00000
furnace,0.00060,0.49970,0.49970,0.00000
atomic,0.00060,0.49970,0.49970,0.00000
absorption,0.00060,0.49970,0.49970,0.00000
spectrometry,0.00060,0.49970,0.49970,0.00000
analyse,0.00060,0.49970,0.49970,0.00000
level,0.49970,0.49970,0.00060,0.00000
micrograms,0.00060,0.49970,0.49970,0.00000
dl,0.00060,0.49970,0.49970,0.00000
value,0.00060,0.49970,0.49970,0.00000
considered,0.00060,0.49970,0.49970,0.00000
representative,0.00060,0.49970,0.49970,0.00000
natural,0.00060,0.49970,0.49970,0.00000
africans,0.00060,0.49970,0.49970,0.00000
o,0.00000,0.33333,0.33333,0.33333
femoral,0.00000,0.33333,0.33333,0.33333
distractor,0.00000,0.33333,0.33333,0.33333
ankle,0.00000,0.33333,0.33333,0.33333
arthroscopy,0.00000,0.33333,0.33333,0.33333
well,0.00000,0.33333,0.33333,0.33333
technique,0.00000,0.33333,0.33333,0.33333
pins,0.00000,0.33333,0.33333,0.33333
tibia,0.00000,0.33333,0.33333,0.33333
calcaneum,0.00000,0.33333,0.33333,0.33333
able,0.00000,0.33333,0.33333,0.33333
distraction,0.00000,0.33333,0.33333,0.33333
easy,0.00000,0.33333,0.33333,0.33333
operative,0.00000,0.33333,0.33333,0.33333
manipulation,0.00000,0.33333,0.33333,0.33333
obtained,0.00000,0.33333,0.33333,0.33333
commercially,0.00000,0.33333,0.33333,0.33333
distractors,0.00000,0.33333,0.33333,0.33333
broad,0.49970,0.49970,0.00060,0.00000
spectral,0.49970,0.49970,0.00060,0.00000
parameters,0.49970,0.49970,0.00060,0.00000
correlated,0.00060,0.49970,0.49970,0.00000
iq,0.49970,0.49970,0.00060,0.00000
wais,0.00060,0.49970,0.49970,0.00000
all,0.00060,0.49970,0.49970,0.00000
subscales,0.00060,0.49970,0.49970,0.00000
40,0.00060,0.49970,0.49970,0.00000
handed,0.49970,0.49970,0.00060,0.00000
volunteers,0.00060,0.49970,0.49970,0.00000
ranging,0.00060,0.49970,0.49970,0.00000
eegs,0.00060,0.49970,0.49970,0.00000
recorded,0.00060,0.49970,0.49970,0.00000
derivations,0.00060,0.49970,0.49970,0.00000
rest,0.00060,0.49970,0.49970,0.00000
opened,0.00060,0.49970,0.49970,0.00000
reveal,0.00060,0.49970,0.49970,0.00000
positive,0.00060,0.49970,0.49970,0.00000
negative,0.00060,0.49970,0.49970,0.00000
correlations,0.00060,0.49970,0.49970,0.00000
participation,0.49970,0.49970,0.00060,0.00000
bands,0.00060,0.49970,0.49970,0.00000
frequency,0.00060,0.49970,0.49970,0.00000
show,0.00060,0.49970,0.49970,0.00000
narrow,0.00060,0.49970,0.49970,0.00000
range,0.00060,0.49970,0.49970,0.00000
relations,0.00060,0.49970,0.49970,0.00000
highlight,0.00060,0.49970,0.49970,0.00000
psychological,0.00060,0.49970,0.49970,0.00000
tests,0.00060,0.49970,0.49970,0.00000
homogeneous,0.00060,0.49970,0.49970,0.00000
abilities,0.00060,0.49970,0.49970,0.00000
finer,0.00060,0.49970,0.49970,0.00000
clearly,0.00060,0.49970,0.49970,0.00000
explainable,0.00060,0.49970,0.49970,0.00000
demonstrate,0.00060,0.49970,0.49970,0.00000
recordings,0.00060,0.49970,0.49970,0.00000
reflect,0.00060,0.49970,0.49970,0.00000
intellectual,0.00060,0.49970,0.49970,0.00000
stimulus,0.00000,0.00074,0.00089,0.99838
postanoxic,0.50000,0.00000,0.00000,0.50000
myoclonus,0.50000,0.00000,0.00000,0.50000
discuss,0.00000,0.33333,0.33333,0.33333
pathophysiology,0.00000,0.33333,0.33333,0.33333
man,0.00000,0.33333,0.33333,0.33333
sustained,0.00000,0.33333,0.33333,0.33333
cardiorespiratory,0.99812,0.00000,0.00090,0.00098
arrest,0.99812,0.00000,0.00090,0.00098
lasted,0.00000,0.33333,0.33333,0.33333
minutes,0.00000,0.33333,0.33333,0.33333
unresponsive,0.00000,0.33333,0.33333,0.33333
hours,0.00000,0.33333,0.33333,0.33333
stimulation,0.00000,0.33333,0.33333,0.33333
trigeminal,0.00000,0.33333,0.33333,0.33333
innervated,0.00000,0.33333,0.33333,0.33333
periorbital,0.00000,0.33333,0.33333,0.33333
bursts,0.00000,0.49970,0.00060,0.49970
spike,0.00000,0.49970,0.00060,0.49970
generalized,0.00000,0.49977,0.00045,0.49977
myoclonic,0.00077,0.00130,0.00000,0.99793
jerks,0.00077,0.00130,0.00000,0.99793
types,0.00000,0.33333,0.33333,0.33333
did,0.00000,0.33333,0.33333,0.33333
elicit,0.00000,0.33333,0.33333,0.33333
32,0.00000,0.33333,0.33333,0.33333
later,0.00000,0.33333,0.33333,0.33333
nonreactive,0.00000,0.49970,0.00060,0.49970
alpha,0.00000,0.49970,0.00060,0.49970
coma,0.00000,0.00102,0.00132,0.99766
died,0.00000,0.33333,0.33333,0.33333
7,0.00000,0.33333,0.33333,0.33333
days,0.00000,0.33333,0.33333,0.33333
regularity,0.00000,0.33333,0.33333,0.33333
suggests,0.00000,0.33333,0.33333,0.33333
resting,0.00000,0.33333,0.33333,0.33333
electrocerebral,0.00000,0.49970,0.00060,0.49970
silence,0.00000,0.49970,0.00060,0.49970
result,0.00000,0.33333,0.33333,0.33333
suppression,0.00000,0.33333,0.33333,0.33333
disinhibition,0.00000,0.33333,0.33333,0.33333
brainstem,0.00000,0.00000,0.00085,0.99915
generated,0.00000,0.00000,0.00085,0.99915
entity,0.00000,0.33333,0.33333,0.33333
audiology,0.00000,0.33333,0.33333,0.33333
auditory,0.00000,0.33333,0.33333,0.33333
processing,0.00000,0.33333,0.33333,0.33333
speech,0.00000,0.33333,0.33333,0.33333
recognition,0.00000,0.33333,0.33333,0.33333
disorder,0.49979,0.00000,0.49979,0.00042
[,0.00000,0.00132,0.99775,0.00093
apd,0.49979,0.00000,0.49979,0.00042
],0.00000,0.49979,0.49979,0.00042
highly,0.00000,0.33333,0.33333,0.33333
controversial,0.00000,0.33333,0.33333,0.33333
controversy,0.00000,0.33333,0.33333,0.33333
fueled,0.00000,0.33333,0.33333,0.33333
ambiguous,0.00000,0.33333,0.33333,0.33333
descriptions,0.00000,0.33333,0.33333,0.33333
american,0.00000,0.33333,0.33333,0.33333
language,0.00000,0.33333,0.33333,0.33333
hearing,0.00000,0.33333,0.33333,0.33333
academy,0.00000,0.33333,0.33333,0.33333
sources,0.00000,0.33333,0.33333,0.33333
say,0.00000,0.33333,0.33333,0.33333
questionable,0.00000,0.33333,0.33333,0.33333
define,0.00000,0.33333,0.33333,0.33333
nature,0.00000,0.33333,0.33333,0.33333
order,0.00000,0.33333,0.33333,0.33333
intervention,0.00000,0.33333,0.33333,0.33333
nosography,0.00000,0.33333,0.33333,0.33333
systematic,0.00000,0.33333,0.33333,0.33333
diseases,0.00000,0.00060,0.49970,0.49970
physicians,0.00000,0.33333,0.33333,0.33333
thomas,0.00000,0.33333,0.33333,0.33333
sydenham,0.00000,0.33333,0.33333,0.33333
otto,0.00000,0.33333,0.33333,0.33333
guttentag,0.00000,0.33333,0.33333,0.33333
criteria,0.00000,0.33333,0.33333,0.33333
framework,0.00000,0.33333,0.33333,0.33333
conceptualization,0.00000,0.33333,0.33333,0.33333
haemostatic,0.99787,0.00131,0.00000,0.00082
hepatosplenic,0.33333,0.00000,0.33333,0.33333
schistosomiasis,0.33333,0.00000,0.33333,0.33333
mansoni,0.00037,0.00000,0.49982,0.49982
immuno,0.00000,0.00000,0.50000,0.50000
regulatory,0.00000,0.00000,0.50000,0.50000
endemic,0.00000,0.33333,0.33333,0.33333
countries,0.00000,0.33333,0.33333,0.33333
bleeding,0.49970,0.49970,0.00000,0.00060
serious,0.00000,0.33333,0.33333,0.33333
often,0.00000,0.33333,0.33333,0.33333
life,0.00000,0.33333,0.33333,0.33333
threatening,0.00000,0.33333,0.33333,0.33333
prone,0.00000,0.33333,0.33333,0.33333
develop,0.00000,0.33333,0.33333,0.33333
linked,0.00000,0.33333,0.33333,0.33333
ruptured,0.49982,0.49982,0.00000,0.00037
esophageal,0.99907,0.00093,0.00000,0.00000
varices,0.99907,0.00093,0.00000,0.00000
deficit,0.00000,0.49970,0.00060,0.49970
pronounced,0.00000,0.33333,0.33333,0.33333
advancement,0.00000,0.33333,0.33333,0.33333
maximal,0.00000,0.33333,0.33333,0.33333
experience,0.00000,0.33333,0.33333,0.33333
haematomesis,0.50000,0.50000,0.00000,0.00000
evidences,0.00000,0.33333,0.33333,0.33333
enhanced,0.00000,0.49970,0.00060,0.49970
generation,0.00000,0.49970,0.00060,0.49970
thrombin,0.00000,0.49970,0.00060,0.49970
plasmin,0.00000,0.49970,0.00060,0.49970
indicate,0.00000,0.33333,0.33333,0.33333
grade,0.00000,0.33333,0.33333,0.33333
dic,0.00000,0.00000,0.50000,0.50000
principal,0.00000,0.33333,0.33333,0.33333
demonstration,0.00000,0.33333,0.33333,0.33333
procoagulant,0.00000,0.33333,0.33333,0.33333
expression,0.00000,0.33333,0.33333,0.33333
peripheral,0.00000,0.33333,0.33333,0.33333
monocytes,0.00000,0.33333,0.33333,0.33333
livers,0.00000,0.33333,0.33333,0.33333
spleens,0.00000,0.33333,0.33333,0.33333
intestines,0.00000,0.33333,0.33333,0.33333
infected,0.00000,0.00060,0.49970,0.49970
mice,0.00000,0.33333,0.33333,0.33333
implication,0.00000,0.33333,0.33333,0.33333
causation,0.00000,0.33333,0.33333,0.33333
infections,0.00000,0.00000,0.50000,0.50000
moreover,0.00000,0.33333,0.33333,0.33333
indicates,0.00000,0.33333,0.33333,0.33333
immune,0.00000,0.33333,0.33333,0.33333
mechanisms,0.00000,0.33333,0.33333,0.33333
localized,0.00000,0.33333,0.33333,0.33333
seems,0.00000,0.33333,0.33333,0.33333
likely,0.00000,0.33333,0.33333,0.33333
responses,0.00000,0.49970,0.00060,0.49970
schistosomes,0.00000,0.49970,0.00060,0.49970
play,0.00000,0.33333,0.33333,0.33333
pathogenic,0.00000,0.33333,0.33333,0.33333
squamous,0.00037,0.00000,0.49982,0.49982
pleura,0.00000,0.00000,0.50000,0.50000
few,0.00000,0.33333,0.33333,0.33333
reports,0.00000,0.33333,0.33333,0.33333
tumours,0.50000,0.00000,0.00000,0.50000
mesothelioma,0.33333,0.00000,0.33333,0.33333
epidermoid,0.33333,0.00000,0.33333,0.33333
occur,0.00000,0.33333,0.33333,0.33333
connection,0.00000,0.33333,0.33333,0.33333
persistent,0.00000,0.33333,0.33333,0.33333
empyema,0.99766,0.00132,0.00000,0.00102
drained,0.00000,0.33333,0.33333,0.33333
pleurocutaneous,0.32090,0.34668,0.03047,0.30195
extrapleural,0.00093,0.00000,0.00000,0.99907
pneumothorax,0.99907,0.00000,0.00000,0.00093
far,0.33333,0.33333,0.33333,0.00000
somatosensory,0.33333,0.33333,0.33333,0.00000
potentials,0.33333,0.33333,0.33333,0.00000
tibial,0.33333,0.33333,0.33333,0.00000
scalp,0.33333,0.33333,0.33333,0.00000
sep,0.33333,0.33333,0.33333,0.00000
three,0.33333,0.33333,0.33333,0.00000
peaks,0.33333,0.33333,0.33333,0.00000
p17,0.33333,0.33333,0.33333,0.00000
p24,0.33333,0.33333,0.33333,0.00000
p31,0.33333,0.33333,0.33333,0.00000
additional,0.33333,0.33333,0.33333,0.00000
inconsistent,0.33333,0.33333,0.33333,0.00000
components,0.33333,0.33333,0.33333,0.00000
p11,0.33333,0.33333,0.33333,0.00000
p21,0.33333,0.33333,0.33333,0.00000
p27,0.33333,0.33333,0.33333,0.00000
presumable,0.33333,0.33333,0.33333,0.00000
generator,0.33333,0.33333,0.33333,0.00000
popliteal,0.33333,0.33333,0.33333,0.00000
entry,0.33333,0.33333,0.33333,0.00000
sacral,0.33333,0.33333,0.33333,0.00000
plexus,0.33333,0.33333,0.33333,0.00000
cauda,0.33333,0.33333,0.33333,0.00000
equina,0.33333,0.33333,0.33333,0.00000
conus,0.33333,0.33333,0.33333,0.00000
medullaris,0.33333,0.33333,0.33333,0.00000
rostral,0.33333,0.33333,0.33333,0.00000
spinal,0.33333,0.33333,0.33333,0.00000
cord,0.33333,0.33333,0.33333,0.00000
lymphogranuloma,0.33333,0.00000,0.33333,0.33333
venereum,0.33333,0.00000,0.33333,0.33333
tonsil,0.00000,0.00000,0.50000,0.50000
tonsillar,0.00000,0.00000,0.50000,0.50000
similarities,0.00000,0.33333,0.33333,0.33333
tonsils,0.00000,0.33333,0.33333,0.33333
cervical,0.00000,0.33333,0.33333,0.33333
importance,0.00000,0.33333,0.33333,0.33333
histological,0.00000,0.33333,0.33333,0.33333
abnormal,0.00000,0.99875,0.00000,0.00125
reiterated,0.00000,0.33333,0.33333,0.33333
68ga,0.00000,0.50000,0.00000,0.50000
prostate,0.00000,0.50000,0.00000,0.50000
treated,0.00000,0.33333,0.33333,0.33333
stage,0.00085,0.00000,0.00000,0.99915
iiib,0.00085,0.00000,0.00000,0.99915
referred,0.00000,0.33333,0.33333,0.33333
ga,0.00000,0.49970,0.00060,0.49970
psma,0.00000,0.49970,0.00060,0.49970
pet,0.00000,0.33333,0.33333,0.33333
staging,0.00000,0.33333,0.33333,0.33333
addition,0.00000,0.33333,0.33333,0.33333
uptake,0.00000,0.49970,0.00060,0.49970
increased,0.00000,0.49970,0.00060,0.49970
enlarging,0.00000,0.50000,0.00000,0.50000
lobe,0.00089,0.00079,0.00000,0.99832
mass,0.00089,0.99832,0.00000,0.00079
diffusely,0.00000,0.33333,0.33333,0.33333
thyroid,0.33333,0.33333,0.00000,0.33333
gland,0.33333,0.33333,0.00000,0.33333
bilateral,0.00000,0.50000,0.00000,0.50000
supraclavicular,0.33333,0.33333,0.00000,0.33333
fine,0.00000,0.33333,0.33333,0.33333
needle,0.00000,0.33333,0.33333,0.33333
aspiration,0.00000,0.33333,0.33333,0.33333
biopsy,0.00000,0.33333,0.33333,0.33333
node,0.00000,0.33333,0.33333,0.33333
adenocarcinoma,0.49982,0.00000,0.49982,0.00037
interferon,0.00000,0.33333,0.33333,0.33333
recent,0.00000,0.33333,0.33333,0.33333
demonstrating,0.00000,0.33333,0.33333,0.33333
therapy,0.00000,0.33333,0.33333,0.33333
six,0.00000,0.33333,0.33333,0.33333
myeloid,0.33333,0.00000,0.33333,0.33333
leukaemia,0.33333,0.00000,0.33333,0.33333
essential,0.00035,0.00000,0.49983,0.49983
thrombocythemia,0.49977,0.00000,0.49977,0.00045
polycythemia,0.33333,0.00000,0.33333,0.33333
rubra,0.00037,0.00000,0.49982,0.49982
vera,0.00037,0.00000,0.49982,0.49982
myelomatosis,0.33333,0.00000,0.33333,0.33333
hairy,0.33333,0.00000,0.33333,0.33333
screen,0.00000,0.33333,0.33333,0.33333
severity,0.00000,0.33333,0.33333,0.33333
mild,0.00045,0.00000,0.49977,0.49977
traumatic,0.49977,0.00000,0.49977,0.00045
brain,0.49977,0.00000,0.49977,0.00045
injury,0.49977,0.00000,0.49977,0.00045
investigated,0.00000,0.33333,0.33333,0.33333
sensitivity,0.00000,0.33333,0.33333,0.33333
information,0.00000,0.33333,0.33333,0.33333
recall,0.00000,0.33333,0.33333,0.33333
orientation,0.00000,0.33333,0.33333,0.33333
tasks,0.00000,0.33333,0.33333,0.33333
mtbi,0.00045,0.00000,0.49977,0.49977
fifty,0.00000,0.33333,0.33333,0.33333
85,0.00000,0.33333,0.33333,0.33333
57,0.00000,0.33333,0.33333,0.33333
28,0.00000,0.33333,0.33333,0.33333
controls,0.00000,0.33333,0.33333,0.33333
24,0.00000,0.33333,0.33333,0.33333
hr,0.00000,0.33333,0.33333,0.33333
department,0.00000,0.33333,0.33333,0.33333
emergency,0.00000,0.33333,0.33333,0.33333
medicine,0.00000,0.33333,0.33333,0.33333
answered,0.00000,0.49970,0.00060,0.49970
fewer,0.00000,0.49970,0.00060,0.49970
questions,0.00000,0.49970,0.00060,0.49970
recalled,0.00000,0.49970,0.00060,0.49970
words,0.00000,0.49970,0.00060,0.49970
delayed,0.00000,0.50000,0.00000,0.50000
judged,0.00000,0.49970,0.00060,0.49970
sentences,0.00000,0.49970,0.00060,0.49970
correctly,0.00000,0.49970,0.00060,0.49970
immediate,0.00000,0.49970,0.00060,0.49970
memory,0.00000,0.49970,0.00060,0.49970
learning,0.00000,0.49970,0.00060,0.49970
previous,0.00000,0.33333,0.33333,0.33333
perform,0.00000,0.33333,0.33333,0.33333
speed,0.00000,0.33333,0.33333,0.33333
word,0.00000,0.33333,0.33333,0.33333
effects,0.00000,0.33333,0.33333,0.33333
gamma,0.00000,0.33333,0.33333,0.33333
globin,0.00000,0.33333,0.33333,0.33333
promoter,0.00000,0.33333,0.33333,0.33333
base,0.00000,0.33333,0.33333,0.33333
pair,0.00000,0.33333,0.33333,0.33333
deletion,0.00000,0.33333,0.33333,0.33333
mutant,0.00000,0.33333,0.33333,0.33333
shows,0.00000,0.33333,0.33333,0.33333
polymorphic,0.00000,0.33333,0.33333,0.33333
throughout,0.00000,0.33333,0.33333,0.33333
gene,0.00000,0.33333,0.33333,0.33333
fetal,0.00000,0.33333,0.33333,0.33333
genes,0.00000,0.33333,0.33333,0.33333
australian,0.00000,0.33333,0.33333,0.33333
kindred,0.00000,0.33333,0.33333,0.33333
nondeletional,0.00000,0.00042,0.49979,0.49979
hereditary,0.33333,0.00000,0.33333,0.33333
persistence,0.33333,0.00000,0.33333,0.33333
hemoglobin,0.33333,0.00000,0.33333,0.33333
hpfh,0.33333,0.00000,0.33333,0.33333
cloned,0.00000,0.33333,0.33333,0.33333
sequenced,0.00000,0.33333,0.33333,0.33333
198,0.00000,0.00042,0.49979,0.49979
mutation,0.00000,0.00042,0.49979,0.49979
british,0.00045,0.00000,0.49977,0.49977
upstream,0.00000,0.33333,0.33333,0.33333
allele,0.00000,0.33333,0.33333,0.33333
identified,0.00000,0.33333,0.33333,0.33333
222,0.00000,0.33333,0.33333,0.33333
225,0.00000,0.33333,0.33333,0.33333
bp,0.00000,0.33333,0.33333,0.33333
cap,0.00000,0.33333,0.33333,0.33333
site,0.00000,0.33333,0.33333,0.33333
variations,0.00000,0.33333,0.33333,0.33333
ana,0.00000,0.33333,0.33333,0.33333
transition,0.00000,0.33333,0.33333,0.33333
exon,0.00000,0.33333,0.33333,0.33333
402,0.00000,0.33333,0.33333,0.33333
relative,0.00000,0.33333,0.33333,0.33333
hindiii,0.00000,0.33333,0.33333,0.33333
polymorphism,0.00000,0.33333,0.33333,0.33333
intron,0.00000,0.33333,0.33333,0.33333
untranslated,0.00000,0.33333,0.33333,0.33333
region,0.00000,0.33333,0.33333,0.33333
tcac,0.00000,0.33333,0.33333,0.33333
place,0.00000,0.33333,0.33333,0.33333
ctct,0.00000,0.33333,0.33333,0.33333
creating,0.00000,0.33333,0.33333,0.33333
saci,0.00000,0.33333,0.33333,0.33333
previously,0.00000,0.33333,0.33333,0.33333
linkage,0.00000,0.33333,0.33333,0.33333
noteworthy,0.00000,0.33333,0.33333,0.33333
simultaneous,0.00000,0.33333,0.33333,0.33333
mutants,0.00000,0.33333,0.33333,0.33333
same,0.00000,0.33333,0.33333,0.33333
despite,0.00000,0.33333,0.33333,0.33333
resulting,0.00000,0.33333,0.33333,0.33333
phenotype,0.00000,0.33333,0.33333,0.33333
k562,0.00000,0.33333,0.33333,0.33333
transient,0.00000,0.33333,0.33333,0.33333
statistically,0.00000,0.33333,0.33333,0.33333
control,0.00000,0.33333,0.33333,0.33333
vivo,0.00000,0.33333,0.33333,0.33333
identification,0.00000,0.33333,0.33333,0.33333
enzymatically,0.00000,0.33333,0.33333,0.33333
normalized,0.00000,0.33333,0.33333,0.33333
shrna,0.00000,0.33333,0.33333,0.33333
library,0.00000,0.33333,0.33333,0.33333
massive,0.00000,0.33333,0.33333,0.33333
parallel,0.00000,0.33333,0.33333,0.33333
sequencing,0.00000,0.33333,0.33333,0.33333
general,0.00000,0.33333,0.33333,0.33333
approximately,0.00000,0.33333,0.33333,0.33333
150,0.00000,0.33333,0.33333,0.33333
shrnas,0.00000,0.33333,0.33333,0.33333
per,0.00000,0.33333,0.33333,0.33333
redundance,0.00000,0.33333,0.33333,0.33333
cdna,0.00000,0.33333,0.33333,0.33333
constructed,0.00000,0.33333,0.33333,0.33333
inducible,0.00000,0.33333,0.33333,0.33333
lentiviral,0.00000,0.33333,0.33333,0.33333
vector,0.00000,0.33333,0.33333,0.33333
enabling,0.00000,0.33333,0.33333,0.33333
propagation,0.00000,0.33333,0.33333,0.33333
growth,0.00000,0.33333,0.33333,0.33333
inhibiting,0.00000,0.33333,0.33333,0.33333
controlled,0.00000,0.33333,0.33333,0.33333
rnai,0.00000,0.33333,0.33333,0.33333
activities,0.00000,0.33333,0.33333,0.33333
101,0.00000,0.33333,0.33333,0.33333
clones,0.00000,0.33333,0.33333,0.33333
representing,0.00000,0.33333,0.33333,0.33333
100,0.00000,0.33333,0.33333,0.33333
201,0.00000,0.33333,0.33333,0.33333
firefly,0.00000,0.33333,0.33333,0.33333
luciferase,0.00000,0.33333,0.33333,0.33333
structure,0.00000,0.33333,0.33333,0.33333
datasets,0.00000,0.33333,0.33333,0.33333
yielded,0.00000,0.33333,0.33333,0.33333
set,0.00000,0.33333,0.33333,0.33333
structural,0.00000,0.33333,0.33333,0.33333
efficacy,0.00000,0.33333,0.33333,0.33333
increasing,0.00000,0.33333,0.33333,0.33333
frequencies,0.00000,0.33333,0.33333,0.33333
active,0.00000,0.33333,0.33333,0.33333
random,0.00000,0.33333,0.33333,0.33333
sampling,0.00000,0.33333,0.33333,0.33333
select,0.00000,0.33333,0.33333,0.33333
inhibit,0.00000,0.33333,0.33333,0.33333
breast,0.49982,0.00000,0.49982,0.00037
targeting,0.00000,0.33333,0.33333,0.33333
oncogenes,0.00000,0.33333,0.33333,0.33333
targeted,0.00000,0.33333,0.33333,0.33333
selected,0.00000,0.33333,0.33333,0.33333
enriched,0.00000,0.33333,0.33333,0.33333
pathways,0.00000,0.33333,0.33333,0.33333
9,0.00000,0.33333,0.33333,0.33333
cancers,0.49979,0.00000,0.49979,0.00042
cycle,0.00000,0.33333,0.33333,0.33333
progression,0.00000,0.33333,0.33333,0.33333
apoptosis,0.00000,0.33333,0.33333,0.33333
hundred,0.00000,0.33333,0.33333,0.33333
nineteen,0.00000,0.33333,0.33333,0.33333
selection,0.00000,0.33333,0.33333,0.33333
drug,0.00000,0.33333,0.33333,0.33333
targets,0.00000,0.33333,0.33333,0.33333
interfering,0.00000,0.33333,0.33333,0.33333
rnas,0.00000,0.33333,0.33333,0.33333
inhibited,0.00000,0.33333,0.33333,0.33333
validating,0.00000,0.33333,0.33333,0.33333
efficiency,0.00000,0.33333,0.33333,0.33333
throughput,0.00000,0.33333,0.33333,0.33333
target,0.00000,0.33333,0.33333,0.33333
giant,0.00000,0.00132,0.00093,0.99775
tuberculomata,0.50000,0.00000,0.00000,0.50000
misdiagnosed,0.00000,0.33333,0.33333,0.33333
secondary,0.00000,0.33333,0.33333,0.33333
describe,0.00000,0.33333,0.33333,0.33333
attenuation,0.00000,0.99775,0.00093,0.00132
rim,0.00000,0.33333,0.33333,0.33333
enhancement,0.00000,0.33333,0.33333,0.33333
calcific,0.32090,0.34668,0.03047,0.30195
enhance,0.00000,0.33333,0.33333,0.33333
hypoattenuation,0.00000,0.49970,0.00060,0.49970
recovered,0.00000,0.33333,0.33333,0.33333
antituberculous,0.00000,0.33333,0.33333,0.33333
chemotherapy,0.00000,0.33333,0.33333,0.33333
perinatal,0.00098,0.00000,0.00090,0.99812
arterial,0.50000,0.00000,0.00000,0.50000
placental,0.49977,0.00000,0.00045,0.49977
chorioangioma,0.49977,0.00000,0.00045,0.49977
chorioangiomas,0.00079,0.00000,0.00097,0.99824
benign,0.00000,0.00000,0.99915,0.00085
several,0.00000,0.33333,0.33333,0.33333
obstetric,0.00000,0.00060,0.49970,0.49970
premature,0.50000,0.00000,0.00000,0.50000
labor,0.50000,0.00000,0.00000,0.50000
abruption,0.99925,0.00000,0.00000,0.00075
polyhydramnios,0.99925,0.00000,0.00000,0.00075
hydrops,0.99925,0.00000,0.00000,0.00075
restriction,0.49970,0.00060,0.00000,0.49970
hepatosplenomegaly,0.99925,0.00000,0.00000,0.00075
cardiomegaly,0.99875,0.00125,0.00000,0.00000
congestive,0.99775,0.00132,0.00093,0.00000
neonatal,0.00000,0.33333,0.33333,0.33333
fetalis,0.99915,0.00000,0.00085,0.00000
microangiopathic,0.50000,0.00000,0.50000,0.00000
hemolytic,0.50000,0.00000,0.50000,0.00000
anemia,0.50000,0.00000,0.50000,0.00000
thrombocytopenia,0.49970,0.00060,0.49970,0.00000
remains,0.00000,0.33333,0.33333,0.33333
majority,0.00000,0.33333,0.33333,0.33333
investigators,0.00000,0.33333,0.33333,0.33333
setting,0.00000,0.33333,0.33333,0.33333
stroke,0.49979,0.00000,0.00042,0.49979
birth,0.03125,0.34826,0.29809,0.32240
asphyxia,0.99875,0.00125,0.00000,0.00000
preeclampsia,0.99915,0.00000,0.00085,0.00000
chorioamnionitis,0.99925,0.00000,0.00000,0.00075
infection,0.99787,0.00131,0.00000,0.00082
genetic,0.00000,0.00130,0.99793,0.00077
thrombophilias,0.99875,0.00125,0.00000,0.00000
psychophysiological,0.00000,0.49970,0.00060,0.49970
reactions,0.00000,0.49970,0.00060,0.49970
qigong,0.00000,0.33333,0.33333,0.33333
traditional,0.00000,0.33333,0.33333,0.33333
chinese,0.00000,0.33333,0.33333,0.33333
meditation,0.00000,0.33333,0.33333,0.33333
indian,0.00000,0.33333,0.33333,0.33333
yoga,0.00000,0.33333,0.33333,0.33333
japanese,0.00000,0.33333,0.33333,0.33333
zen,0.00000,0.33333,0.33333,0.33333
category,0.00000,0.33333,0.33333,0.33333
psychotherapy,0.00000,0.33333,0.33333,0.33333
series,0.00000,0.33333,0.33333,0.33333
course,0.00000,0.33333,0.33333,0.33333
training,0.00000,0.33333,0.33333,0.33333
inappropriate,0.00000,0.33333,0.33333,0.33333
physical,0.00000,0.50000,0.00000,0.50000
mental,0.00000,0.50000,0.00000,0.50000
disturbances,0.00000,0.50000,0.00000,0.50000
include,0.00000,0.33333,0.33333,0.33333
emg,0.00000,0.49970,0.00060,0.49970
respiratory,0.00000,0.49970,0.00060,0.49970
movement,0.00000,0.49970,0.00060,0.49970
rate,0.00000,0.49970,0.00060,0.49970
temperature,0.00000,0.49970,0.00060,0.49970
finger,0.00000,0.49970,0.00060,0.49970
tip,0.00000,0.49970,0.00060,0.49970
stomach,0.00000,0.49970,0.00060,0.49970
intestine,0.00000,0.49970,0.00060,0.49970
metabolism,0.00000,0.49970,0.00060,0.49970
immunity,0.00000,0.49970,0.00060,0.49970
systems,0.00000,0.33333,0.33333,0.33333
motor,0.00000,0.49979,0.00042,0.49979
phenomena,0.00000,0.49979,0.00042,0.49979
perceptual,0.00000,0.49979,0.00042,0.49979
experienced,0.00000,0.33333,0.33333,0.33333
warmness,0.00000,0.49970,0.00060,0.49970
chilliness,0.00000,0.50000,0.00000,0.50000
itching,0.00000,0.50000,0.00000,0.50000
sensation,0.00000,0.50000,0.00000,0.50000
numbness,0.49970,0.49970,0.00000,0.00060
soreness,0.00000,0.99875,0.00000,0.00125
bloatedness,0.33333,0.33333,0.00000,0.33333
relaxation,0.00000,0.49970,0.00060,0.49970
tenseness,0.00035,0.49983,0.00000,0.49983
floating,0.00000,0.50000,0.00000,0.50000
dropping,0.00000,0.50000,0.00000,0.50000
enlargement,0.00000,0.50000,0.00000,0.50000
constriction,0.00000,0.50000,0.00000,0.50000
body,0.00000,0.50000,0.00000,0.50000
image,0.00000,0.50000,0.00000,0.50000
rising,0.00000,0.50000,0.00000,0.50000
sky,0.00000,0.50000,0.00000,0.50000
falling,0.00000,0.50000,0.00000,0.50000
off,0.00000,0.50000,0.00000,0.50000
upside,0.00000,0.50000,0.00000,0.50000
down,0.00000,0.50000,0.00000,0.50000
playing,0.00000,0.49970,0.00060,0.49970
swing,0.00000,0.49970,0.00060,0.49970
respiration,0.00000,0.49970,0.00060,0.49970
circulation,0.00000,0.49970,0.00060,0.49970
intrinsic,0.00000,0.49970,0.00060,0.49970
qi,0.00000,0.49970,0.00060,0.49970
electric,0.00000,0.49970,0.00060,0.49970
shock,0.00000,0.49970,0.00060,0.49970
formication,0.00000,0.50000,0.00000,0.50000
exercise,0.00000,0.33333,0.33333,0.33333
dreamland,0.00000,0.99775,0.00093,0.00132
illusions,0.00000,0.99775,0.00093,0.00132
unreality,0.00000,0.50000,0.00000,0.50000
pseudohallucination,0.00000,0.00075,0.00000,0.99925
vanished,0.00000,0.33333,0.33333,0.33333
terminated,0.00000,0.33333,0.33333,0.33333
deviation,0.00000,0.00000,0.50000,0.50000
diagnostic,0.00000,0.33333,0.33333,0.33333
now,0.00000,0.33333,0.33333,0.33333
widely,0.00000,0.33333,0.33333,0.33333
china,0.00000,0.33333,0.33333,0.33333
antiproliferative,0.33333,0.33333,0.33333,0.00000
homogenates,0.33333,0.33333,0.33333,0.00000
candidate,0.33333,0.33333,0.33333,0.00000
probiotic,0.33333,0.33333,0.33333,0.00000
unheated,0.33333,0.33333,0.33333,0.00000
heat,0.33333,0.33333,0.33333,0.00000
separately,0.33333,0.33333,0.33333,0.00000
lactobacillus,0.33333,0.33333,0.33333,0.00000
rhamnosus,0.33333,0.33333,0.33333,0.00000
gg,0.33333,0.33333,0.33333,0.00000
bifidobacterium,0.33333,0.33333,0.33333,0.00000
lactis,0.33333,0.33333,0.33333,0.00000
acidophilus,0.33333,0.33333,0.33333,0.00000
delbrueckii,0.33333,0.33333,0.33333,0.00000
subsp,0.33333,0.33333,0.33333,0.00000
bulgaricus,0.33333,0.33333,0.33333,0.00000
streptococcus,0.33333,0.33333,0.33333,0.00000
thermophilus,0.33333,0.33333,0.33333,0.00000
phytohemagglutinin,0.33333,0.33333,0.33333,0.00000
induced,0.33333,0.33333,0.33333,0.00000
proliferation,0.33333,0.33333,0.33333,0.00000
mononuclear,0.33333,0.33333,0.33333,0.00000
homogenate,0.33333,0.33333,0.33333,0.00000
assessing,0.33333,0.33333,0.33333,0.00000
thymidine,0.33333,0.33333,0.33333,0.00000
incorporation,0.33333,0.33333,0.33333,0.00000
cultures,0.33333,0.33333,0.33333,0.00000
suppressed,0.33333,0.33333,0.33333,0.00000
enzymatic,0.33333,0.33333,0.33333,0.00000
heating,0.33333,0.33333,0.33333,0.00000
repeated,0.33333,0.33333,0.33333,0.00000
cytoplasmic,0.33333,0.33333,0.33333,0.00000
wall,0.33333,0.33333,0.33333,0.00000
extracts,0.33333,0.33333,0.33333,0.00000
extract,0.33333,0.33333,0.33333,0.00000
suppressive,0.33333,0.33333,0.33333,0.00000
possess,0.33333,0.33333,0.33333,0.00000
stable,0.33333,0.33333,0.33333,0.00000
generate,0.33333,0.33333,0.33333,0.00000
microbiologically,0.33333,0.33333,0.33333,0.00000
nonviable,0.33333,0.33333,0.33333,0.00000
yet,0.33333,0.33333,0.33333,0.00000
immunologically,0.33333,0.33333,0.33333,0.00000
food,0.33333,0.33333,0.33333,0.00000
products,0.33333,0.33333,0.33333,0.00000
easier,0.33333,0.33333,0.33333,0.00000
store,0.33333,0.33333,0.33333,0.00000
longer,0.33333,0.33333,0.33333,0.00000
shelf,0.33333,0.33333,0.33333,0.00000
focal,0.30029,0.35069,0.31657,0.03245
neurological,0.99875,0.00125,0.00000,0.00000
sarcoidosis,0.49979,0.00000,0.49979,0.00042
presents,0.00000,0.33333,0.33333,0.33333
only,0.00000,0.33333,0.33333,0.33333
infrequently,0.00000,0.33333,0.33333,0.33333
recurrent,0.00000,0.50000,0.00000,0.50000
rarer,0.00000,0.33333,0.33333,0.33333
still,0.00000,0.33333,0.33333,0.33333
describes,0.00000,0.33333,0.33333,0.33333
episodic,0.00045,0.49977,0.00000,0.49977
fluent,0.00045,0.49977,0.00000,0.49977
dysphasia,0.99875,0.00125,0.00000,0.00000
abrupt,0.00000,0.49970,0.00060,0.49970
onset,0.00000,0.49970,0.00060,0.49970
occurring,0.00000,0.33333,0.33333,0.33333
seizure,0.99915,0.00000,0.00085,0.00000
macroscopic,0.00000,0.49970,0.00060,0.49970
granulomatous,0.00000,0.49970,0.00060,0.49970
collection,0.00000,0.49970,0.00060,0.49970
neurosarcoidosis,0.49979,0.00000,0.49979,0.00042
mimic,0.00000,0.33333,0.33333,0.33333
classic,0.00000,0.33333,0.33333,0.33333
ischaemic,0.99875,0.00125,0.00000,0.00000
questionnaire,0.00000,0.50000,0.50000,0.00000
transplant,0.00000,0.50000,0.50000,0.00000
quality,0.00000,0.50000,0.50000,0.00000
recipients,0.00000,0.50000,0.50000,0.00000
list,0.00000,0.50000,0.50000,0.00000
items,0.00000,0.50000,0.50000,0.00000
created,0.00000,0.50000,0.50000,0.00000
50,0.00000,0.50000,0.50000,0.00000
rated,0.00000,0.50000,0.50000,0.00000
item,0.00000,0.50000,0.50000,0.00000
judgment,0.00000,0.50000,0.50000,0.00000
create,0.00000,0.50000,0.50000,0.00000
consists,0.00000,0.50000,0.50000,0.00000
dimensions,0.00000,0.50000,0.50000,0.00000
fatigue,0.50000,0.50000,0.00000,0.00000
uncertainty,0.00000,0.50000,0.50000,0.00000
fear,0.00000,0.50000,0.50000,0.00000
emotions,0.00000,0.50000,0.50000,0.00000
dimension,0.00000,0.50000,0.50000,0.00000
scored,0.00000,0.50000,0.50000,0.00000
point,0.00000,0.50000,0.50000,0.00000
likert,0.00000,0.50000,0.50000,0.00000
scale,0.00000,0.50000,0.50000,0.00000
reproducibility,0.00000,0.50000,0.50000,0.00000
administered,0.00000,0.50000,0.50000,0.00000
intraclass,0.00000,0.50000,0.50000,0.00000
coefficients,0.00000,0.50000,0.50000,0.00000
91,0.00000,0.50000,0.50000,0.00000
scores,0.00000,0.50000,0.50000,0.00000
except,0.00000,0.50000,0.50000,0.00000
improved,0.00000,0.50000,0.50000,0.00000
transplantation,0.00000,0.50000,0.50000,0.00000
pretransplantation,0.00000,0.50000,0.50000,0.00000
graft,0.00000,0.50000,0.50000,0.00000
creatinine,0.00000,0.50000,0.50000,0.00000
250,0.00000,0.50000,0.50000,0.00000
mmol,0.00000,0.50000,0.50000,0.00000
grafts,0.00000,0.50000,0.50000,0.00000
administer,0.00000,0.50000,0.50000,0.00000
valid,0.00000,0.50000,0.50000,0.00000
responsive,0.00000,0.50000,0.50000,0.00000
change,0.00000,0.50000,0.50000,0.00000
carbon,0.00000,0.33333,0.33333,0.33333
monoxide,0.00000,0.33333,0.33333,0.33333
suppresses,0.00000,0.33333,0.33333,0.33333
tlr4,0.00000,0.33333,0.33333,0.33333
via,0.00000,0.33333,0.33333,0.33333
differentiation,0.00000,0.33333,0.33333,0.33333
betatc3,0.00000,0.33333,0.33333,0.33333
islet,0.00000,0.33333,0.33333,0.33333
allografts,0.00000,0.33333,0.33333,0.33333
donor,0.00000,0.33333,0.33333,0.33333
exposed,0.00000,0.33333,0.33333,0.33333
rejection,0.00000,0.33333,0.33333,0.33333
trafficking,0.00000,0.33333,0.33333,0.33333
activation,0.00000,0.33333,0.33333,0.33333
islets,0.00000,0.33333,0.33333,0.33333
molecular,0.00000,0.33333,0.33333,0.33333
how,0.00000,0.33333,0.33333,0.33333
remain,0.00000,0.33333,0.33333,0.33333
focus,0.00000,0.33333,0.33333,0.33333
insulinoma,0.99915,0.00000,0.00085,0.00000
line,0.00000,0.33333,0.33333,0.33333
stably,0.00000,0.33333,0.33333,0.33333
transfected,0.00000,0.33333,0.33333,0.33333
pcdna3,0.00000,0.33333,0.33333,0.33333
yfp,0.00000,0.33333,0.33333,0.33333
pdsred,0.00000,0.33333,0.33333,0.33333
monomer,0.00000,0.33333,0.33333,0.33333
golgi,0.00000,0.33333,0.33333,0.33333
plasmids,0.00000,0.33333,0.33333,0.33333
identify,0.00000,0.33333,0.33333,0.33333
subcellular,0.00000,0.33333,0.33333,0.33333
lps,0.00000,0.33333,0.33333,0.33333
confocal,0.00000,0.33333,0.33333,0.33333
immunofluorescence,0.00000,0.33333,0.33333,0.33333
resides,0.00000,0.33333,0.33333,0.33333
apparatus,0.00000,0.33333,0.33333,0.33333
quiescent,0.00000,0.33333,0.33333,0.33333
led,0.00000,0.33333,0.33333,0.33333
interaction,0.00000,0.33333,0.33333,0.33333
md,0.00000,0.33333,0.33333,0.33333
immunoprecipitation,0.00000,0.33333,0.33333,0.33333
depleting,0.00000,0.33333,0.33333,0.33333
rna,0.00000,0.33333,0.33333,0.33333
blocking,0.00000,0.33333,0.33333,0.33333
glycosylation,0.00000,0.33333,0.33333,0.33333
tunicamycin,0.00000,0.33333,0.33333,0.33333
blocked,0.00000,0.33333,0.33333,0.33333
exposing,0.00000,0.33333,0.33333,0.33333
parts,0.25000,0.25000,0.25000,0.25000
million,0.25000,0.25000,0.25000,0.25000
conclusion,0.25000,0.25000,0.25000,0.25000
required,0.25000,0.25000,0.25000,0.25000
consequent,0.25000,0.25000,0.25000,0.25000
transvesical,0.25000,0.25000,0.25000,0.25000
endoscopic,0.25000,0.25000,0.25000,0.25000
placement,0.25000,0.25000,0.25000,0.25000
sutures,0.25000,0.25000,0.25000,0.25000
urethral,0.25000,0.25000,0.25000,0.25000
strictures,0.25000,0.25000,0.25000,0.25000
reapproximation,0.25000,0.25000,0.25000,0.25000
urethra,0.25000,0.25000,0.25000,0.25000
across,0.25000,0.25000,0.25000,0.25000
excised,0.25000,0.25000,0.25000,0.25000
scar,0.25000,0.25000,0.25000,0.25000
requires,0.25000,0.25000,0.25000,0.25000
perineum,0.25000,0.25000,0.25000,0.25000
external,0.25000,0.25000,0.25000,0.25000
sphincter,0.25000,0.25000,0.25000,0.25000
prostatic,0.25000,0.25000,0.25000,0.25000
itself,0.25000,0.25000,0.25000,0.25000
problematic,0.25000,0.25000,0.25000,0.25000
suprapubic,0.25000,0.25000,0.25000,0.25000
cystostomy,0.25000,0.25000,0.25000,0.25000
eliminates,0.25000,0.25000,0.25000,0.25000
usual,0.25000,0.25000,0.25000,0.25000
difficulties,0.25000,0.25000,0.25000,0.25000
volatile,0.25000,0.25000,0.25000,0.25000
flavor,0.25000,0.25000,0.25000,0.25000
rice,0.25000,0.25000,0.25000,0.25000
cakes,0.25000,0.25000,0.25000,0.25000
volatiles,0.25000,0.25000,0.25000,0.25000
laboratory,0.25000,0.25000,0.25000,0.25000
dynamic,0.25000,0.25000,0.25000,0.25000
headspace,0.25000,0.25000,0.25000,0.25000
isolation,0.25000,0.25000,0.25000,0.25000
tenax,0.25000,0.25000,0.25000,0.25000
trapping,0.25000,0.25000,0.25000,0.25000
carried,0.25000,0.25000,0.25000,0.25000
out,0.25000,0.25000,0.25000,0.25000
capillary,0.25000,0.25000,0.25000,0.25000
gc,0.25000,0.25000,0.25000,0.25000
ms,0.25000,0.25000,0.25000,0.25000
compounds,0.25000,0.25000,0.25000,0.25000
hydroxy,0.25000,0.25000,0.25000,0.25000
propanone,0.25000,0.25000,0.25000,0.25000
furfuryl,0.25000,0.25000,0.25000,0.25000
alcohol,0.25000,0.25000,0.25000,0.25000
dimethylpyrazine,0.25000,0.25000,0.25000,0.25000
methylpyrazine,0.25000,0.25000,0.25000,0.25000
pyrazine,0.25000,0.25000,0.25000,0.25000
hexanal,0.25000,0.25000,0.25000,0.25000
furfural,0.25000,0.25000,0.25000,0.25000
pentanol,0.25000,0.25000,0.25000,0.25000
butanone,0.25000,0.25000,0.25000,0.25000
acetoin,0.25000,0.25000,0.25000,0.25000
ethyl,0.25000,0.25000,0.25000,0.25000
ideally,0.25000,0.25000,0.25000,0.25000
applicable,0.25000,0.25000,0.25000,0.25000
dry,0.25000,0.25000,0.25000,0.25000
product,0.25000,0.25000,0.25000,0.25000
ratios,0.25000,0.25000,0.25000,0.25000
probability,0.25000,0.25000,0.25000,0.25000
contributing,0.25000,0.25000,0.25000,0.25000
aroma,0.25000,0.25000,0.25000,0.25000
methylbutanal,0.25000,0.25000,0.25000,0.25000
dimethyl,0.25000,0.25000,0.25000,0.25000
trisulfide,0.25000,0.25000,0.25000,0.25000
vinylguaiacol,0.25000,0.25000,0.25000,0.25000
e,0.25000,0.25000,0.25000,0.25000
decadienal,0.25000,0.25000,0.25000,0.25000
acetyl,0.25000,0.25000,0.25000,0.25000
pyrroline,0.25000,0.25000,0.25000,0.25000
octen,0.25000,0.25000,0.25000,0.25000
ol,0.25000,0.25000,0.25000,0.25000
