haematuria_0,0.00000,1.00000
and_1,1.00000,0.00000
abdominal_2,0.99873,0.00127
aortic_3,0.99873,0.00127
aneurysm_4,0.99873,0.00127
._5,1.00000,0.00000
haematuria_6,0.21743,0.78257
and_7,0.00484,0.99516
left_8,0.00000,1.00000
loin_9,1.00000,0.00000
pain_10,1.00000,0.00000
in_11,1.00000,0.00000
a_12,1.00000,0.00000
patient_13,1.00000,0.00000
with_14,1.00000,0.00000
abdominal_15,1.00000,0.00000
aortic_16,1.00000,0.00000
aneurysm_17,1.00000,0.00000
and_18,0.95688,0.04312
associated_19,0.95688,0.04312
with_20,0.95688,0.04312
the_21,0.95688,0.04312
radiological_22,0.95688,0.04312
finding_23,0.95688,0.04312
of_24,1.00000,0.00000
a_25,1.00000,0.00000
poorly_26,1.00000,0.00000
or_27,1.00000,0.00000
non_28,1.00000,0.00000
-_29,1.00000,0.00000
functioning_30,0.59463,0.40537
left_31,1.00000,0.00000
kidney_32,1.00000,0.00000
are_33,1.00000,0.00000
the_34,1.00000,0.00000
pathognomonic_35,1.00000,0.00000
features_36,1.00000,0.00000
of_37,1.00000,0.00000
aorto_38,1.00000,0.00000
-_39,0.13889,0.86111
left_40,0.13889,0.86111
renal_41,1.00000,0.00000
vein_42,0.86111,0.13889
fistula_43,0.86111,0.13889
,_44,0.30712,0.69288
a_45,0.30712,0.69288
condition_46,1.00000,0.00000
in_47,0.99873,0.00127
which_48,0.99873,0.00127
the_49,0.99873,0.00127
aneurysm_50,1.00000,0.00000
leaks_51,1.00000,0.00000
into_52,1.00000,0.00000
an_53,1.00000,0.00000
anomalous_54,1.00000,0.00000
retro_55,0.59463,0.40537
-_56,0.59463,0.40537
aortic_57,0.99516,0.00484
left_58,1.00000,0.00000
renal_59,1.00000,0.00000
vein_60,1.00000,0.00000
._61,1.00000,0.00000
acanthosis_62,1.00000,0.00000
nigricans_63,1.00000,0.00000
._64,1.00000,0.00000
acanthosis_65,1.00000,0.00000
nigricans_66,0.99873,0.00127
is_67,0.99873,0.00127
thickened_68,1.00000,0.00000
,_69,0.99873,0.00127
velvety_70,0.98911,0.01089
,_71,0.98911,0.01089
hyperpigmented_72,1.00000,0.00000
skin_73,1.00000,0.00000
associated_74,1.00000,0.00000
with_75,1.00000,0.00000
a_76,1.00000,0.00000
variety_77,1.00000,0.00000
of_78,1.00000,0.00000
endocrine_79,1.00000,0.00000
disorders_80,1.00000,0.00000
,_81,1.00000,0.00000
malignancies_82,1.00000,0.00000
and_83,1.00000,0.00000
medications_84,1.00000,0.00000
._85,0.71699,0.28301
the_86,1.00000,0.00000
mechanical_87,1.00000,0.00000
stability_88,1.00000,0.00000
of_89,1.00000,0.00000
internal_90,1.00000,0.00000
fixation_91,0.98911,0.01089
of_92,0.98911,0.01089
fractured_93,0.00000,1.00000
phalanges_94,1.00000,0.00000
._95,1.00000,0.00000
the_96,0.00007,0.99993
rigidity_97,0.52430,0.47570
of_98,0.69288,0.30712
five_99,0.00000,1.00000
techniques_100,0.00000,1.00000
of_101,0.00000,1.00000
internal_102,0.99993,0.00007
fixation_103,0.99993,0.00007
of_104,0.99993,0.00007
fractured_105,0.99993,0.00007
phalanges_106,0.99993,0.00007
is_107,0.98580,0.01420
tested_108,0.98580,0.01420
experimentally_109,1.00000,0.00000
and_110,1.00000,0.00000
compared_111,1.00000,0.00000
._112,1.00000,0.00000
the_113,1.00000,0.00000
clinical_114,1.00000,0.00000
relevance_115,1.00000,0.00000
is_116,1.00000,0.00000
discussed_117,1.00000,0.00000
._118,1.00000,0.00000
renal_119,1.00000,0.00000
cell_120,1.00000,0.00000
carcinoma_121,1.00000,0.00000
with_122,1.00000,0.00000
concurrent_123,1.00000,0.00000
urothelial_124,1.00000,0.00000
carcinoma_125,0.99873,0.00127
of_126,1.00000,0.00000
urinary_127,1.00000,0.00000
bladder_128,1.00000,0.00000
and_129,1.00000,0.00000
non_130,1.00000,0.00000
-_131,1.00000,0.00000
hodgkin_132,1.00000,0.00000
lymphoma_133,1.00000,0.00000
._134,1.00000,0.00000
we_135,1.00000,0.00000
report_136,1.00000,0.00000
a_137,1.00000,0.00000
case_138,1.00000,0.00000
of_139,1.00000,0.00000
a_140,1.00000,0.00000
71_141,1.00000,0.00000
-_142,1.00000,0.00000
year_143,1.00000,0.00000
-_144,1.00000,0.00000
old_145,1.00000,0.00000
male_146,1.00000,0.00000
with_147,1.00000,0.00000
multiple_148,1.00000,0.00000
primary_149,1.00000,0.00000
malignancies_150,1.00000,0.00000
involving_151,1.00000,0.00000
kidney_152,1.00000,0.00000
and_153,1.00000,0.00000
urinary_154,1.00000,0.00000
bladder_155,1.00000,0.00000
,_156,1.00000,0.00000
combined_157,1.00000,0.00000
with_158,1.00000,0.00000
synchronous_159,1.00000,0.00000
lymphoma_160,1.00000,0.00000
._161,1.00000,0.00000
the_162,1.00000,0.00000
patient_163,1.00000,0.00000
was_164,1.00000,0.00000
admitted_165,1.00000,0.00000
to_166,1.00000,0.00000
the_167,1.00000,0.00000
hospital_168,1.00000,0.00000
because_169,1.00000,0.00000
of_170,1.00000,0.00000
painless_171,1.00000,0.00000
gross_172,1.00000,0.00000
hematuria_173,1.00000,0.00000
._174,1.00000,0.00000
examination_175,1.00000,0.00000
revealed_176,1.00000,0.00000
tumor_177,1.00000,0.00000
of_178,1.00000,0.00000
the_179,1.00000,0.00000
right_180,1.00000,0.00000
kidney_181,1.00000,0.00000
and_182,1.00000,0.00000
papillary_183,1.00000,0.00000
tumor_184,1.00000,0.00000
in_185,1.00000,0.00000
the_186,1.00000,0.00000
urinary_187,1.00000,0.00000
bladder_188,1.00000,0.00000
and_189,1.00000,0.00000
enlarged_190,1.00000,0.00000
lymph_191,1.00000,0.00000
nodes_192,1.00000,0.00000
along_193,1.00000,0.00000
aorta_194,1.00000,0.00000
and_195,1.00000,0.00000
inferior_196,1.00000,0.00000
vena_197,1.00000,0.00000
cava_198,1.00000,0.00000
._199,1.00000,0.00000
transurethral_200,1.00000,0.00000
resection_201,1.00000,0.00000
of_202,1.00000,0.00000
bladder_203,1.00000,0.00000
tumor_204,1.00000,0.00000
(_205,1.00000,0.00000
tur_206,1.00000,0.00000
)_207,1.00000,0.00000
,_208,1.00000,0.00000
radical_209,1.00000,0.00000
nephrectomy_210,1.00000,0.00000
of_211,1.00000,0.00000
the_212,1.00000,0.00000
right_213,1.00000,0.00000
kidney_214,1.00000,0.00000
and_215,1.00000,0.00000
retroperitoneal_216,1.00000,0.00000
lymphadenectomy_217,1.00000,0.00000
were_218,1.00000,0.00000
performed_219,1.00000,0.00000
._220,1.00000,0.00000
pathohistologic_221,1.00000,0.00000
evaluation_222,0.99993,0.00007
,_223,0.90919,0.09081
together_224,1.00000,0.00000
with_225,1.00000,0.00000
immunohistochemistry_226,1.00000,0.00000
,_227,1.00000,0.00000
gave_228,1.00000,0.00000
the_229,1.00000,0.00000
patient_230,1.00000,0.00000
the_231,1.00000,0.00000
final_232,0.99993,0.00007
diagnosis_233,0.99993,0.00007
of_234,0.99993,0.00007
renal_235,1.00000,0.00000
cell_236,1.00000,0.00000
carcinoma_237,1.00000,0.00000
(_238,1.00000,0.00000
rcc_239,1.00000,0.00000
)_240,1.00000,0.00000
,_241,1.00000,0.00000
urothelial_242,1.00000,0.00000
carcinoma_243,1.00000,0.00000
of_244,0.99993,0.00007
the_245,0.99993,0.00007
urinary_246,0.99993,0.00007
bladder_247,0.99993,0.00007
and_248,0.99993,0.00007
b_249,0.99993,0.00007
-_250,1.00000,0.00000
small_251,0.00000,1.00000
cell_252,0.00000,1.00000
non_253,1.00000,0.00000
-_254,1.00000,0.00000
hodgkin_255,1.00000,0.00000
lymphoma_256,1.00000,0.00000
(_257,1.00000,0.00000
b_258,1.00000,0.00000
-_259,1.00000,0.00000
cll_260,1.00000,0.00000
)_261,1.00000,0.00000
._262,1.00000,0.00000
scanning_263,1.00000,0.00000
electron_264,1.00000,0.00000
microscopy_265,1.00000,0.00000
of_266,1.00000,0.00000
the_267,0.99993,0.00007
human_268,0.99993,0.00007
zonule_269,0.99993,0.00007
of_270,0.99993,0.00007
the_271,0.99993,0.00007
lens_272,1.00000,0.00000
(_273,1.00000,0.00000
zonula_274,1.00000,0.00000
ciliaris_275,1.00000,0.00000
)_276,1.00000,0.00000
._277,1.00000,0.00000
in_278,1.00000,0.00000
the_279,1.00000,0.00000
present_280,1.00000,0.00000
study_281,1.00000,0.00000
eight_282,1.00000,0.00000
human_283,1.00000,0.00000
eyeballs_284,1.00000,0.00000
were_285,1.00000,0.00000
specifically_286,1.00000,0.00000
prepared_287,0.95688,0.04312
for_288,0.95688,0.04312
scanning_289,1.00000,0.00000
-_290,0.99993,0.00007
electron_291,1.00000,0.00000
-_292,1.00000,0.00000
microscopic_293,1.00000,0.00000
observation_294,1.00000,0.00000
of_295,1.00000,0.00000
the_296,1.00000,0.00000
zonule_297,1.00000,0.00000
._298,1.00000,0.00000
the_299,1.00000,0.00000
zonule_300,1.00000,0.00000
consisted_301,1.00000,0.00000
of_302,1.00000,0.00000
two_303,1.00000,0.00000
main_304,0.98580,0.01420
layers_305,0.59463,0.40537
of_306,1.00000,0.00000
radial_307,1.00000,0.00000
fibres_308,1.00000,0.00000
,_309,1.00000,0.00000
an_310,1.00000,0.00000
anterior_311,1.00000,0.00000
and_312,0.99516,0.00484
a_313,1.00000,0.00000
posterior_314,1.00000,0.00000
one_315,1.00000,0.00000
,_316,1.00000,0.00000
that_317,1.00000,0.00000
inserted_318,0.84165,0.15835
on_319,0.84165,0.15835
the_320,0.99993,0.00007
anterior_321,0.99993,0.00007
and_322,0.28301,0.71699
the_323,0.84165,0.15835
posterior_324,0.84165,0.15835
lens_325,0.84165,0.15835
capsules_326,0.99516,0.00484
,_327,0.99516,0.00484
respectively_328,0.99993,0.00007
._329,0.99993,0.00007
some_330,0.99993,0.00007
fibres_331,0.99993,0.00007
inserted_332,1.00000,0.00000
on_333,1.00000,0.00000
the_334,1.00000,0.00000
equator_335,1.00000,0.00000
of_336,1.00000,0.00000
the_337,1.00000,0.00000
lens_338,1.00000,0.00000
._339,1.00000,0.00000
posterior_340,1.00000,0.00000
zonular_341,1.00000,0.00000
fibres_342,1.00000,0.00000
originated_343,1.00000,0.00000
at_344,1.00000,0.00000
the_345,1.00000,0.00000
pars_346,1.00000,0.00000
plana_347,1.00000,0.00000
,_348,1.00000,0.00000
entered_349,1.00000,0.00000
the_350,1.00000,0.00000
dorsal_351,1.00000,0.00000
part_352,1.00000,0.00000
of_353,0.99516,0.00484
the_354,0.99516,0.00484
ciliary_355,0.78257,0.21743
valleys_356,0.78257,0.21743
and_357,0.78257,0.21743
then_358,1.00000,0.00000
changed_359,1.00000,0.00000
their_360,1.00000,0.00000
direction_361,1.00000,0.00000
towards_362,1.00000,0.00000
the_363,1.00000,0.00000
posterior_364,1.00000,0.00000
face_365,1.00000,0.00000
of_366,1.00000,0.00000
the_367,1.00000,0.00000
lens_368,1.00000,0.00000
._369,1.00000,0.00000
posterior_370,1.00000,0.00000
fibres_371,1.00000,0.00000
inserted_372,1.00000,0.00000
on_373,1.00000,0.00000
the_374,1.00000,0.00000
posterior_375,1.00000,0.00000
capsule_376,1.00000,0.00000
of_377,1.00000,0.00000
the_378,1.00000,0.00000
lens_379,1.00000,0.00000
by_380,1.00000,0.00000
branched_381,1.00000,0.00000
endings_382,1.00000,0.00000
1_383,1.00000,0.00000
mm_384,1.00000,0.00000
behind_385,1.00000,0.00000
the_386,1.00000,0.00000
equator_387,1.00000,0.00000
of_388,1.00000,0.00000
the_389,1.00000,0.00000
lens_390,1.00000,0.00000
._391,1.00000,0.00000
anterior_392,1.00000,0.00000
zonular_393,1.00000,0.00000
fibres_394,0.71699,0.28301
originated_395,0.71699,0.28301
mainly_396,1.00000,0.00000
at_397,1.00000,0.00000
the_398,1.00000,0.00000
pars_399,1.00000,0.00000
plana_400,1.00000,0.00000
and_401,1.00000,0.00000
occasionally_402,1.00000,0.00000
at_403,0.99873,0.00127
the_404,0.99873,0.00127
ciliary_405,0.99873,0.00127
valleys_406,0.99993,0.00007
._407,0.99993,0.00007
after_408,0.99993,0.00007
running_409,0.99993,0.00007
completely_410,0.99993,0.00007
through_411,1.00000,0.00000
the_412,1.00000,0.00000
ciliary_413,1.00000,0.00000
valleys_414,1.00000,0.00000
in_415,0.99993,0.00007
close_416,0.99993,0.00007
contact_417,1.00000,0.00000
with_418,1.00000,0.00000
the_419,0.95688,0.04312
lateral_420,1.00000,0.00000
walls_421,1.00000,0.00000
of_422,1.00000,0.00000
the_423,1.00000,0.00000
ciliary_424,0.00007,0.99993
processes_425,0.00000,1.00000
,_426,0.00000,1.00000
they_427,0.00000,1.00000
changed_428,1.00000,0.00000
their_429,1.00000,0.00000
direction_430,0.99993,0.00007
at_431,0.99993,0.00007
the_432,0.99993,0.00007
anterior_433,0.99993,0.00007
endings_434,0.99993,0.00007
of_435,1.00000,0.00000
the_436,0.99993,0.00007
pars_437,0.99993,0.00007
plicata_438,0.99993,0.00007
and_439,0.99993,0.00007
reached_440,0.99993,0.00007
the_441,0.99993,0.00007
anterior_442,0.99993,0.00007
lens_443,0.99993,0.00007
capsule_444,0.99993,0.00007
._445,1.00000,0.00000
anterior_446,1.00000,0.00000
zonular_447,0.84165,0.15835
insertions_448,0.98580,0.01420
were_449,0.98580,0.01420
achieved_450,0.04312,0.95688
by_451,0.04312,0.95688
webbed_452,1.00000,0.00000
endings_453,1.00000,0.00000
that_454,1.00000,0.00000
diffused_455,1.00000,0.00000
into_456,1.00000,0.00000
the_457,1.00000,0.00000
anterior_458,1.00000,0.00000
capsule_459,1.00000,0.00000
2_460,1.00000,0.00000
mm_461,1.00000,0.00000
in_462,1.00000,0.00000
front_463,1.00000,0.00000
of_464,1.00000,0.00000
the_465,1.00000,0.00000
lens_466,1.00000,0.00000
equator_467,1.00000,0.00000
._468,1.00000,0.00000
the_469,1.00000,0.00000
extraordinary_470,1.00000,0.00000
distension_471,0.61955,0.38045
capacity_472,0.30712,0.69288
of_473,1.00000,0.00000
the_474,1.00000,0.00000
zonular_475,1.00000,0.00000
fibres_476,0.59463,0.40537
was_477,0.00007,0.99993
demonstrated_478,1.00000,0.00000
by_479,0.78257,0.21743
pulling_480,0.78257,0.21743
the_481,0.78257,0.21743
anterior_482,0.99873,0.00127
lens_483,0.99873,0.00127
capsule_484,1.00000,0.00000
after_485,1.00000,0.00000
hydrodissection_486,1.00000,0.00000
._487,0.99993,0.00007
as_488,0.99993,0.00007
a_489,1.00000,0.00000
consequence_490,1.00000,0.00000
,_491,1.00000,0.00000
the_492,1.00000,0.00000
anterior_493,0.01420,0.98580
fibres_494,1.00000,0.00000
were_495,1.00000,0.00000
stretched_496,1.00000,0.00000
up_497,1.00000,0.00000
to_498,1.00000,0.00000
four_499,0.69288,0.30712
times_500,0.69288,0.30712
their_501,1.00000,0.00000
original_502,1.00000,0.00000
length_503,1.00000,0.00000
without_504,1.00000,0.00000
breaking_505,1.00000,0.00000
or_506,1.00000,0.00000
disinserting_507,1.00000,0.00000
._508,1.00000,0.00000
sonographic_509,1.00000,0.00000
pseudokidney_510,1.00000,0.00000
after_511,1.00000,0.00000
nephrectomy_512,1.00000,0.00000
._513,1.00000,0.00000
when_514,1.00000,0.00000
interpreting_515,1.00000,0.00000
renal_516,1.00000,0.00000
sonograms_517,1.00000,0.00000
,_518,1.00000,0.00000
one_519,1.00000,0.00000
should_520,1.00000,0.00000
be_521,1.00000,0.00000
aware_522,1.00000,0.00000
of_523,1.00000,0.00000
the_524,1.00000,0.00000
possibility_525,1.00000,0.00000
of_526,1.00000,0.00000
mistaking_527,1.00000,0.00000
fat_528,1.00000,0.00000
and_529,1.00000,0.00000
scarring_530,1.00000,0.00000
in_531,1.00000,0.00000
the_532,1.00000,0.00000
renal_533,1.00000,0.00000
fossa_534,1.00000,0.00000
for_535,1.00000,0.00000
a_536,1.00000,0.00000
normal_537,1.00000,0.00000
kidney_538,1.00000,0.00000
in_539,1.00000,0.00000
a_540,1.00000,0.00000
patient_541,1.00000,0.00000
with_542,1.00000,0.00000
a_543,1.00000,0.00000
history_544,1.00000,0.00000
of_545,1.00000,0.00000
prior_546,1.00000,0.00000
nephrectomy_547,1.00000,0.00000
._548,1.00000,0.00000
when_549,1.00000,0.00000
in_550,1.00000,0.00000
doubt_551,1.00000,0.00000
,_552,1.00000,0.00000
the_553,1.00000,0.00000
ultrasound_554,1.00000,0.00000
findings_555,1.00000,0.00000
should_556,1.00000,0.00000
be_557,1.00000,0.00000
confirmed_558,1.00000,0.00000
with_559,1.00000,0.00000
a_560,1.00000,0.00000
ct_561,1.00000,0.00000
scan_562,1.00000,0.00000
._563,1.00000,0.00000
color_564,1.00000,0.00000
pattern_565,1.00000,0.00000
-_566,1.00000,0.00000
reversal_567,1.00000,0.00000
visual_568,1.00000,0.00000
evoked_569,1.00000,0.00000
potential_570,1.00000,0.00000
in_571,1.00000,0.00000
eyes_572,1.00000,0.00000
with_573,1.00000,0.00000
ocular_574,1.00000,0.00000
hypertension_575,1.00000,0.00000
and_576,1.00000,0.00000
primary_577,1.00000,0.00000
open_578,1.00000,0.00000
-_579,1.00000,0.00000
angle_580,1.00000,0.00000
glaucoma_581,1.00000,0.00000
._582,1.00000,0.00000
color_583,1.00000,0.00000
pattern_584,1.00000,0.00000
-_585,1.00000,0.00000
reversal_586,1.00000,0.00000
visual_587,1.00000,0.00000
evoked_588,1.00000,0.00000
potential_589,1.00000,0.00000
testing_590,1.00000,0.00000
was_591,1.00000,0.00000
performed_592,1.00000,0.00000
in_593,1.00000,0.00000
99_594,1.00000,0.00000
normal_595,1.00000,0.00000
eyes_596,0.99873,0.00127
,_597,1.00000,0.00000
27_598,1.00000,0.00000
eyes_599,1.00000,0.00000
with_600,1.00000,0.00000
ocular_601,1.00000,0.00000
hypertension_602,1.00000,0.00000
and_603,1.00000,0.00000
30_604,1.00000,0.00000
eyes_605,1.00000,0.00000
with_606,1.00000,0.00000
primary_607,1.00000,0.00000
open_608,1.00000,0.00000
-_609,1.00000,0.00000
angle_610,1.00000,0.00000
glaucoma_611,1.00000,0.00000
with_612,1.00000,0.00000
the_613,1.00000,0.00000
use_614,1.00000,0.00000
of_615,1.00000,0.00000
black_616,1.00000,0.00000
-_617,1.00000,0.00000
white_618,1.00000,0.00000
,_619,1.00000,0.00000
black_620,1.00000,0.00000
-_621,1.00000,0.00000
red_622,1.00000,0.00000
and_623,1.00000,0.00000
black_624,1.00000,0.00000
-_625,1.00000,0.00000
blue_626,1.00000,0.00000
color_627,1.00000,0.00000
checkerboard_628,1.00000,0.00000
stimuli_629,1.00000,0.00000
._630,1.00000,0.00000
the_631,1.00000,0.00000
p1_632,1.00000,0.00000
wave_633,1.00000,0.00000
peak_634,1.00000,0.00000
time_635,1.00000,0.00000
and_636,1.00000,0.00000
amplitude_637,1.00000,0.00000
of_638,1.00000,0.00000
the_639,1.00000,0.00000
eyes_640,1.00000,0.00000
with_641,1.00000,0.00000
ocular_642,1.00000,0.00000
hypertension_643,1.00000,0.00000
and_644,1.00000,0.00000
glaucoma_645,1.00000,0.00000
were_646,1.00000,0.00000
significantly_647,1.00000,0.00000
different_648,1.00000,0.00000
from_649,1.00000,0.00000
those_650,1.00000,0.00000
of_651,1.00000,0.00000
age_652,1.00000,0.00000
-_653,1.00000,0.00000
similar_654,0.99993,0.00007
normal_655,0.99993,0.00007
eyes_656,0.99993,0.00007
,_657,1.00000,0.00000
especially_658,1.00000,0.00000
on_659,1.00000,0.00000
the_660,1.00000,0.00000
black_661,1.00000,0.00000
-_662,1.00000,0.00000
red_663,1.00000,0.00000
and_664,1.00000,0.00000
black_665,1.00000,0.00000
-_666,1.00000,0.00000
blue_667,1.00000,0.00000
checkerboards_668,1.00000,0.00000
(_669,1.00000,0.00000
p_670,1.00000,0.00000
less_671,1.00000,0.00000
than_672,1.00000,0.00000
0_673,1.00000,0.00000
._674,1.00000,0.00000
001_675,1.00000,0.00000
)_676,1.00000,0.00000
._677,1.00000,0.00000
the_678,1.00000,0.00000
differences_679,1.00000,0.00000
between_680,1.00000,0.00000
the_681,1.00000,0.00000
ocular_682,1.00000,0.00000
hypertensive_683,1.00000,0.00000
and_684,1.00000,0.00000
glaucomatous_685,1.00000,0.00000
eyes_686,1.00000,0.00000
were_687,1.00000,0.00000
of_688,1.00000,0.00000
less_689,1.00000,0.00000
significance_690,1.00000,0.00000
._691,1.00000,0.00000
the_692,1.00000,0.00000
p1_693,1.00000,0.00000
peak_694,1.00000,0.00000
time_695,1.00000,0.00000
difference_696,1.00000,0.00000
between_697,1.00000,0.00000
black_698,1.00000,0.00000
-_699,1.00000,0.00000
white_700,1.00000,0.00000
and_701,1.00000,0.00000
black_702,1.00000,0.00000
-_703,1.00000,0.00000
red_704,1.00000,0.00000
checkerboards_705,1.00000,0.00000
may_706,1.00000,0.00000
serve_707,1.00000,0.00000
as_708,1.00000,0.00000
an_709,1.00000,0.00000
important_710,1.00000,0.00000
parameter_711,1.00000,0.00000
in_712,1.00000,0.00000
the_713,1.00000,0.00000
early_714,1.00000,0.00000
diagnosis_715,1.00000,0.00000
of_716,1.00000,0.00000
glaucoma_717,1.00000,0.00000
._718,1.00000,0.00000
comparison_719,1.00000,0.00000
of_720,1.00000,0.00000
secretory_721,1.00000,0.00000
iga_722,1.00000,0.00000
and_723,1.00000,0.00000
igg_724,1.00000,0.00000
isotype_725,1.00000,0.00000
levels_726,1.00000,0.00000
in_727,1.00000,0.00000
palatal_728,1.00000,0.00000
secretions_729,1.00000,0.00000
of_730,1.00000,0.00000
denture_731,1.00000,0.00000
stomatitis_732,1.00000,0.00000
patients_733,1.00000,0.00000
with_734,1.00000,0.00000
denture_735,1.00000,0.00000
wearers_736,1.00000,0.00000
having_737,1.00000,0.00000
clinically_738,1.00000,0.00000
healthy_739,1.00000,0.00000
palates_740,1.00000,0.00000
._741,1.00000,0.00000
denture_742,1.00000,0.00000
stomatitis_743,1.00000,0.00000
is_744,1.00000,0.00000
an_745,1.00000,0.00000
inflammatory_746,1.00000,0.00000
condition_747,1.00000,0.00000
affecting_748,1.00000,0.00000
palatal_749,1.00000,0.00000
mucosa_750,1.00000,0.00000
covered_751,1.00000,0.00000
by_752,1.00000,0.00000
a_753,1.00000,0.00000
denture_754,1.00000,0.00000
._755,1.00000,0.00000
aetiology_756,1.00000,0.00000
is_757,1.00000,0.00000
multifactorial_758,1.00000,0.00000
involving_759,1.00000,0.00000
poor_760,1.00000,0.00000
hygiene_761,1.00000,0.00000
,_762,1.00000,0.00000
constant_763,1.00000,0.00000
denture_764,1.00000,0.00000
wearing_765,1.00000,0.00000
,_766,1.00000,0.00000
trauma_767,1.00000,0.00000
and_768,1.00000,0.00000
colonisation_769,1.00000,0.00000
by_770,1.00000,0.00000
candida_771,1.00000,0.00000
species_772,1.00000,0.00000
._773,1.00000,0.00000
in_774,1.00000,0.00000
inflamed_775,1.00000,0.00000
tissues_776,1.00000,0.00000
raised_777,1.00000,0.00000
levels_778,1.00000,0.00000
of_779,1.00000,0.00000
albumin_780,1.00000,0.00000
,_781,1.00000,0.00000
igg_782,1.00000,0.00000
isotypes_783,1.00000,0.00000
and_784,1.00000,0.00000
secretory_785,1.00000,0.00000
iga_786,1.00000,0.00000
(_787,1.00000,0.00000
siga_788,1.00000,0.00000
)_789,1.00000,0.00000
would_790,1.00000,0.00000
be_791,1.00000,0.00000
expected_792,1.00000,0.00000
._793,1.00000,0.00000
siga_794,1.00000,0.00000
is_795,1.00000,0.00000
a_796,1.00000,0.00000
major_797,1.00000,0.00000
component_798,1.00000,0.00000
of_799,1.00000,0.00000
the_800,1.00000,0.00000
protective_801,1.00000,0.00000
immunological_802,1.00000,0.00000
response_803,1.00000,0.00000
to_804,1.00000,0.00000
mucosal_805,1.00000,0.00000
injection_806,1.00000,0.00000
._807,1.00000,0.00000
palatal_808,0.98911,0.01089
secretions_809,1.00000,0.00000
of_810,1.00000,0.00000
21_811,1.00000,0.00000
patients_812,1.00000,0.00000
with_813,1.00000,0.00000
denture_814,1.00000,0.00000
stomatitis_815,1.00000,0.00000
and_816,0.99873,0.00127
22_817,0.99873,0.00127
denture_818,0.99873,0.00127
wearing_819,0.99873,0.00127
patients_820,1.00000,0.00000
with_821,1.00000,0.00000
clinically_822,1.00000,0.00000
healthy_823,1.00000,0.00000
palates_824,1.00000,0.00000
were_825,1.00000,0.00000
analysed_826,1.00000,0.00000
for_827,1.00000,0.00000
albumin_828,1.00000,0.00000
,_829,1.00000,0.00000
igg_830,1.00000,0.00000
isotypes_831,0.00007,0.99993
and_832,0.13889,0.86111
siga_833,1.00000,0.00000
levels_834,1.00000,0.00000
._835,1.00000,0.00000
albumin_836,1.00000,0.00000
and_837,0.98911,0.01089
igg_838,0.98911,0.01089
isotype_839,0.98911,0.01089
levels_840,0.98911,0.01089
were_841,1.00000,0.00000
found_842,1.00000,0.00000
to_843,1.00000,0.00000
be_844,1.00000,0.00000
higher_845,1.00000,0.00000
in_846,0.99993,0.00007
denture_847,0.99993,0.00007
stomatitis_848,0.99993,0.00007
patients_849,1.00000,0.00000
compared_850,1.00000,0.00000
with_851,1.00000,0.00000
healthy_852,1.00000,0.00000
palate_853,1.00000,0.00000
patients_854,1.00000,0.00000
._855,0.99873,0.00127
unexpectedly_856,1.00000,0.00000
,_857,1.00000,0.00000
siga_858,0.99993,0.00007
levels_859,0.99993,0.00007
were_860,1.00000,0.00000
found_861,1.00000,0.00000
to_862,1.00000,0.00000
be_863,1.00000,0.00000
significantly_864,1.00000,0.00000
(_865,1.00000,0.00000
p_866,1.00000,0.00000
<_867,1.00000,0.00000
0_868,1.00000,0.00000
._869,1.00000,0.00000
05_870,1.00000,0.00000
)_871,1.00000,0.00000
lower_872,1.00000,0.00000
in_873,1.00000,0.00000
denture_874,1.00000,0.00000
stomatitis_875,1.00000,0.00000
patients_876,1.00000,0.00000
compared_877,1.00000,0.00000
with_878,1.00000,0.00000
healthy_879,1.00000,0.00000
palate_880,1.00000,0.00000
patients_881,1.00000,0.00000
._882,1.00000,0.00000
percutaneous_883,1.00000,0.00000
mechanical_884,1.00000,0.00000
support_885,1.00000,0.00000
for_886,1.00000,0.00000
the_887,1.00000,0.00000
failing_888,1.00000,0.00000
right_889,1.00000,0.00000
heart_890,1.00000,0.00000
._891,1.00000,0.00000
right_892,1.00000,0.00000
ventricular_893,1.00000,0.00000
(_894,1.00000,0.00000
rv_895,1.00000,0.00000
)_896,1.00000,0.00000
failure_897,1.00000,0.00000
is_898,1.00000,0.00000
an_899,1.00000,0.00000
increasingly_900,1.00000,0.00000
common_901,1.00000,0.00000
clinical_902,1.00000,0.00000
problem_903,1.00000,0.00000
that_904,1.00000,0.00000
may_905,1.00000,0.00000
require_906,1.00000,0.00000
mechanical_907,1.00000,0.00000
support_908,1.00000,0.00000
._909,1.00000,0.00000
in_910,1.00000,0.00000
contrast_911,1.00000,0.00000
to_912,1.00000,0.00000
severe_913,1.00000,0.00000
left_914,1.00000,0.00000
ventricular_915,1.00000,0.00000
failure_916,1.00000,0.00000
,_917,1.00000,0.00000
rv_918,1.00000,0.00000
failure_919,1.00000,0.00000
is_920,1.00000,0.00000
typically_921,1.00000,0.00000
more_922,1.00000,0.00000
reversible_923,1.00000,0.00000
._924,1.00000,0.00000
therefore_925,1.00000,0.00000
,_926,1.00000,0.00000
application_927,1.00000,0.00000
of_928,1.00000,0.00000
shorter_929,1.00000,0.00000
-_930,1.00000,0.00000
term_931,1.00000,0.00000
percutaneous_932,1.00000,0.00000
support_933,1.00000,0.00000
devices_934,1.00000,0.00000
is_935,1.00000,0.00000
potentially_936,0.98580,0.01420
attractive_937,1.00000,0.00000
._938,1.00000,0.00000
current_939,1.00000,0.00000
innovations_940,1.00000,0.00000
promise_941,1.00000,0.00000
greater_942,0.15835,0.84165
availability_943,0.15835,0.84165
of_944,1.00000,0.00000
such_945,1.00000,0.00000
percutaneous_946,0.98911,0.01089
rv_947,0.99516,0.00484
support_948,0.99516,0.00484
devices_949,1.00000,0.00000
._950,1.00000,0.00000
this_951,1.00000,0.00000
article_952,1.00000,0.00000
considers_953,1.00000,0.00000
the_954,0.99516,0.00484
available_955,1.00000,0.00000
mechanical_956,1.00000,0.00000
approaches_957,0.40537,0.59463
to_958,0.99873,0.00127
provide_959,1.00000,0.00000
hemodynamic_960,1.00000,0.00000
support_961,1.00000,0.00000
to_962,0.99873,0.00127
treat_963,1.00000,0.00000
profound_964,1.00000,0.00000
rv_965,1.00000,0.00000
failure_966,1.00000,0.00000
in_967,1.00000,0.00000
the_968,1.00000,0.00000
common_969,1.00000,0.00000
clinical_970,1.00000,0.00000
scenarios_971,1.00000,0.00000
in_972,1.00000,0.00000
which_973,1.00000,0.00000
percutaneous_974,1.00000,0.00000
mechanical_975,1.00000,0.00000
rv_976,1.00000,0.00000
support_977,1.00000,0.00000
may_978,0.15835,0.84165
be_979,0.15835,0.84165
most_980,0.15835,0.84165
beneficial_981,1.00000,0.00000
._982,1.00000,0.00000
tetralogy_983,1.00000,0.00000
of_984,1.00000,0.00000
fallot_985,1.00000,0.00000
with_986,1.00000,0.00000
levoatrial_987,0.99993,0.00007
cardinal_988,0.99993,0.00007
vein_989,1.00000,0.00000
._990,1.00000,0.00000
a_991,1.00000,0.00000
levoatrial_992,1.00000,0.00000
cardinal_993,1.00000,0.00000
vein_994,1.00000,0.00000
is_995,1.00000,0.00000
a_996,1.00000,0.00000
rare_997,1.00000,0.00000
congenital_998,1.00000,0.00000
anomaly_999,1.00000,0.00000
of_1000,1.00000,0.00000
the_1001,1.00000,0.00000
systemic_1002,1.00000,0.00000
veins_1003,1.00000,0.00000
._1004,1.00000,0.00000
it_1005,1.00000,0.00000
is_1006,1.00000,0.00000
frequently_1007,1.00000,0.00000
associated_1008,1.00000,0.00000
with_1009,1.00000,0.00000
left_1010,1.00000,0.00000
-_1011,1.00000,0.00000
side_1012,1.00000,0.00000
obstructive_1013,0.99993,0.00007
anomalies_1014,1.00000,0.00000
._1015,1.00000,0.00000
we_1016,1.00000,0.00000
report_1017,1.00000,0.00000
a_1018,1.00000,0.00000
case_1019,0.99993,0.00007
of_1020,0.99993,0.00007
tetralogy_1021,1.00000,0.00000
of_1022,1.00000,0.00000
fallot_1023,1.00000,0.00000
with_1024,1.00000,0.00000
a_1025,1.00000,0.00000
levoatrial_1026,1.00000,0.00000
cardinal_1027,1.00000,0.00000
vein_1028,1.00000,0.00000
._1029,1.00000,0.00000
the_1030,1.00000,0.00000
innominate_1031,1.00000,0.00000
vein_1032,1.00000,0.00000
was_1033,1.00000,0.00000
absent_1034,1.00000,0.00000
and_1035,1.00000,0.00000
two_1036,1.00000,0.00000
left_1037,0.61955,0.38045
upper_1038,0.15835,0.84165
pulmonary_1039,1.00000,0.00000
veins_1040,1.00000,0.00000
connected_1041,1.00000,0.00000
to_1042,1.00000,0.00000
this_1043,1.00000,0.00000
vein_1044,1.00000,0.00000
._1045,1.00000,0.00000
there_1046,1.00000,0.00000
were_1047,1.00000,0.00000
no_1048,1.00000,0.00000
left_1049,1.00000,0.00000
-_1050,1.00000,0.00000
side_1051,1.00000,0.00000
obstructive_1052,1.00000,0.00000
anomalies_1053,1.00000,0.00000
._1054,1.00000,0.00000
aortic_1055,1.00000,0.00000
root_1056,1.00000,0.00000
replacement_1057,1.00000,0.00000
in_1058,1.00000,0.00000
cardiac_1059,1.00000,0.00000
dextroversion_1060,1.00000,0.00000
._1061,1.00000,0.00000
adult_1062,1.00000,0.00000
cardiac_1063,1.00000,0.00000
surgery_1064,1.00000,0.00000
in_1065,1.00000,0.00000
patients_1066,1.00000,0.00000
with_1067,0.78257,0.21743
malrotation_1068,1.00000,0.00000
of_1069,1.00000,0.00000
the_1070,1.00000,0.00000
heart_1071,0.99873,0.00127
is_1072,0.78257,0.21743
rare_1073,1.00000,0.00000
._1074,1.00000,0.00000
a_1075,1.00000,0.00000
60_1076,1.00000,0.00000
year_1077,0.99993,0.00007
-_1078,0.99993,0.00007
old_1079,0.99993,0.00007
lady_1080,0.99993,0.00007
,_1081,0.99993,0.00007
with_1082,1.00000,0.00000
known_1083,1.00000,0.00000
cardiac_1084,1.00000,0.00000
dextroversion_1085,0.99993,0.00007
,_1086,0.99993,0.00007
presented_1087,0.99993,0.00007
with_1088,0.99993,0.00007
dyspnoea_1089,1.00000,0.00000
and_1090,1.00000,0.00000
pre_1091,0.99993,0.00007
-_1092,0.99993,0.00007
syncopal_1093,0.99993,0.00007
attacks_1094,0.99993,0.00007
._1095,0.99993,0.00007
echocardiographical_1096,0.99993,0.00007
and_1097,1.00000,0.00000
radiological_1098,1.00000,0.00000
investigation_1099,1.00000,0.00000
confirmed_1100,1.00000,0.00000
the_1101,1.00000,0.00000
dextroversion_1102,1.00000,0.00000
,_1103,1.00000,0.00000
with_1104,1.00000,0.00000
clockwise_1105,1.00000,0.00000
rotation_1106,1.00000,0.00000
of_1107,0.99993,0.00007
the_1108,0.99993,0.00007
heart_1109,0.90919,0.09081
through_1110,1.00000,0.00000
its_1111,1.00000,0.00000
longitudinal_1112,1.00000,0.00000
axis_1113,1.00000,0.00000
._1114,1.00000,0.00000
this_1115,1.00000,0.00000
resulted_1116,1.00000,0.00000
in_1117,1.00000,0.00000
the_1118,1.00000,0.00000
right_1119,1.00000,0.00000
ventricular_1120,0.99993,0.00007
outflow_1121,0.99993,0.00007
tract_1122,1.00000,0.00000
and_1123,1.00000,0.00000
pulmonary_1124,1.00000,0.00000
artery_1125,1.00000,0.00000
being_1126,1.00000,0.00000
wrapped_1127,1.00000,0.00000
anteriorly_1128,0.61955,0.38045
around_1129,0.99993,0.00007
the_1130,1.00000,0.00000
aorta_1131,1.00000,0.00000
,_1132,0.95688,0.04312
with_1133,1.00000,0.00000
posterior_1134,1.00000,0.00000
displacement_1135,1.00000,0.00000
of_1136,0.00007,0.99993
the_1137,0.00007,0.99993
right_1138,1.00000,0.00000
atrium_1139,0.98580,0.01420
._1140,0.98580,0.01420
the_1141,1.00000,0.00000
presence_1142,1.00000,0.00000
of_1143,1.00000,0.00000
a_1144,1.00000,0.00000
heavily_1145,1.00000,0.00000
calcified_1146,1.00000,0.00000
,_1147,1.00000,0.00000
bicuspid_1148,1.00000,0.00000
aortic_1149,1.00000,0.00000
valve_1150,0.13889,0.86111
and_1151,1.00000,0.00000
dilated_1152,0.15835,0.84165
ascending_1153,0.15835,0.84165
aorta_1154,1.00000,0.00000
was_1155,1.00000,0.00000
also_1156,1.00000,0.00000
demonstrated_1157,1.00000,0.00000
._1158,0.00000,1.00000
at_1159,0.00000,1.00000
surgery_1160,0.00000,1.00000
,_1161,0.00007,0.99993
venous_1162,0.00007,0.99993
cannulation_1163,0.00007,0.99993
was_1164,0.00007,0.99993
established_1165,1.00000,0.00000
by_1166,1.00000,0.00000
rotating_1167,0.13889,0.86111
the_1168,1.00000,0.00000
heart_1169,1.00000,0.00000
anticlockwise_1170,1.00000,0.00000
and_1171,0.13889,0.86111
access_1172,1.00000,0.00000
to_1173,1.00000,0.00000
the_1174,1.00000,0.00000
aortic_1175,1.00000,0.00000
valve_1176,1.00000,0.00000
gained_1177,0.13889,0.86111
with_1178,1.00000,0.00000
a_1179,1.00000,0.00000
more_1180,1.00000,0.00000
superior_1181,1.00000,0.00000
oblique_1182,1.00000,0.00000
aortotomy_1183,1.00000,0.00000
._1184,1.00000,0.00000
in_1185,1.00000,0.00000
the_1186,1.00000,0.00000
presence_1187,1.00000,0.00000
of_1188,1.00000,0.00000
a_1189,1.00000,0.00000
dilated_1190,1.00000,0.00000
ascending_1191,1.00000,0.00000
aorta_1192,1.00000,0.00000
with_1193,1.00000,0.00000
a_1194,1.00000,0.00000
calcified_1195,1.00000,0.00000
,_1196,1.00000,0.00000
bicuspid_1197,1.00000,0.00000
aortic_1198,1.00000,0.00000
valve_1199,1.00000,0.00000
,_1200,0.13889,0.86111
the_1201,0.13889,0.86111
aortic_1202,0.13889,0.86111
root_1203,1.00000,0.00000
was_1204,1.00000,0.00000
replaced_1205,1.00000,0.00000
with_1206,1.00000,0.00000
a_1207,0.99993,0.00007
valved_1208,0.99993,0.00007
conduit_1209,0.99993,0.00007
._1210,0.99993,0.00007
to_1211,0.90919,0.09081
the_1212,0.99993,0.00007
authors_1213,0.99993,0.00007
'_1214,0.99993,0.00007
knowledge_1215,0.99993,0.00007
,_1216,1.00000,0.00000
this_1217,0.99993,0.00007
is_1218,1.00000,0.00000
the_1219,0.99873,0.00127
first_1220,0.99873,0.00127
report_1221,0.99873,0.00127
of_1222,1.00000,0.00000
an_1223,1.00000,0.00000
aortic_1224,1.00000,0.00000
root_1225,0.99873,0.00127
replacement_1226,1.00000,0.00000
in_1227,1.00000,0.00000
a_1228,1.00000,0.00000
patient_1229,1.00000,0.00000
with_1230,0.99993,0.00007
cardiac_1231,1.00000,0.00000
dextroversion_1232,1.00000,0.00000
._1233,1.00000,0.00000
iatrogenic_1234,1.00000,0.00000
cyanosis_1235,0.00007,0.99993
and_1236,0.00007,0.99993
clubbing_1237,0.99873,0.00127
:_1238,0.71699,0.28301
25_1239,0.71699,0.28301
years_1240,0.71699,0.28301
of_1241,1.00000,0.00000
chronic_1242,1.00000,0.00000
hypoxia_1243,1.00000,0.00000
after_1244,1.00000,0.00000
the_1245,0.71699,0.28301
repair_1246,0.00007,0.99993
of_1247,0.13889,0.86111
an_1248,1.00000,0.00000
atrial_1249,0.99993,0.00007
septal_1250,1.00000,0.00000
defect_1251,0.99993,0.00007
._1252,1.00000,0.00000
a_1253,1.00000,0.00000
case_1254,1.00000,0.00000
of_1255,1.00000,0.00000
sinus_1256,1.00000,0.00000
venosus_1257,1.00000,0.00000
atrial_1258,1.00000,0.00000
septal_1259,1.00000,0.00000
defect_1260,0.99873,0.00127
repair_1261,0.78257,0.21743
of_1262,1.00000,0.00000
the_1263,1.00000,0.00000
inferior_1264,1.00000,0.00000
vena_1265,1.00000,0.00000
caval_1266,0.28301,0.71699
type_1267,0.28301,0.71699
with_1268,1.00000,0.00000
an_1269,1.00000,0.00000
unintentional_1270,0.78257,0.21743
diversion_1271,1.00000,0.00000
of_1272,0.99873,0.00127
the_1273,1.00000,0.00000
inferior_1274,1.00000,0.00000
vena_1275,1.00000,0.00000
caval_1276,0.71699,0.28301
blood_1277,1.00000,0.00000
to_1278,0.99873,0.00127
the_1279,0.99993,0.00007
left_1280,1.00000,0.00000
atrium_1281,0.00007,0.99993
is_1282,1.00000,0.00000
reported_1283,0.99873,0.00127
._1284,1.00000,0.00000
long_1285,1.00000,0.00000
-_1286,1.00000,0.00000
standing_1287,1.00000,0.00000
,_1288,1.00000,0.00000
anatomical_1289,1.00000,0.00000
,_1290,1.00000,0.00000
right_1291,1.00000,0.00000
-_1292,1.00000,0.00000
to_1293,1.00000,0.00000
-_1294,1.00000,0.00000
left_1295,1.00000,0.00000
shunting_1296,1.00000,0.00000
with_1297,1.00000,0.00000
cyanosis_1298,1.00000,0.00000
and_1299,1.00000,0.00000
hypoxia_1300,1.00000,0.00000
are_1301,1.00000,0.00000
associated_1302,1.00000,0.00000
with_1303,1.00000,0.00000
systemic_1304,1.00000,0.00000
and_1305,1.00000,0.00000
cerebrovascular_1306,1.00000,0.00000
complications_1307,1.00000,0.00000
._1308,1.00000,0.00000
cardiac_1309,1.00000,0.00000
risks_1310,1.00000,0.00000
depend_1311,1.00000,0.00000
on_1312,1.00000,0.00000
the_1313,1.00000,0.00000
presence_1314,1.00000,0.00000
or_1315,1.00000,0.00000
absence_1316,1.00000,0.00000
of_1317,1.00000,0.00000
pulmonary_1318,1.00000,0.00000
hypertension_1319,1.00000,0.00000
,_1320,1.00000,0.00000
the_1321,1.00000,0.00000
associated_1322,1.00000,0.00000
hematological_1323,1.00000,0.00000
abnormalities_1324,1.00000,0.00000
and_1325,1.00000,0.00000
the_1326,1.00000,0.00000
degree_1327,1.00000,0.00000
of_1328,1.00000,0.00000
anatomical_1329,1.00000,0.00000
,_1330,1.00000,0.00000
right_1331,1.00000,0.00000
-_1332,1.00000,0.00000
to_1333,1.00000,0.00000
-_1334,1.00000,0.00000
left_1335,1.00000,0.00000
shunting_1336,0.98911,0.01089
._1337,0.98911,0.01089
cardiac_1338,1.00000,0.00000
magnetic_1339,0.99993,0.00007
resonance_1340,0.99993,0.00007
imaging_1341,0.98911,0.01089
clarified_1342,0.98911,0.01089
the_1343,0.98911,0.01089
etiology_1344,1.00000,0.00000
of_1345,0.99516,0.00484
the_1346,0.78257,0.21743
unexplained_1347,0.99993,0.00007
cyanosis_1348,0.99993,0.00007
and_1349,1.00000,0.00000
delineated_1350,1.00000,0.00000
the_1351,1.00000,0.00000
surgical_1352,1.00000,0.00000
anatomy_1353,1.00000,0.00000
._1354,0.98580,0.01420
radioimmunoassay_1355,0.52430,0.47570
of_1356,0.52430,0.47570
immunoreactive_1357,0.99516,0.00484
c_1358,0.78257,0.21743
-_1359,1.00000,0.00000
terminal_1360,1.00000,0.00000
big_1361,1.00000,0.00000
-_1362,1.00000,0.00000
endothelin_1363,1.00000,0.00000
(_1364,1.00000,0.00000
22_1365,1.00000,0.00000
-_1366,0.00484,0.99516
38_1367,0.00484,0.99516
)_1368,0.00484,0.99516
._1369,0.00484,0.99516
endothelin_1370,0.00484,0.99516
,_1371,1.00000,0.00000
a_1372,1.00000,0.00000
potent_1373,1.00000,0.00000
endogenous_1374,1.00000,0.00000
vaso_1375,0.00000,1.00000
-_1376,0.00000,1.00000
constrictor_1377,0.84165,0.15835
,_1378,0.84165,0.15835
is_1379,0.84165,0.15835
derived_1380,0.84165,0.15835
from_1381,1.00000,0.00000
its_1382,1.00000,0.00000
biosynthetic_1383,1.00000,0.00000
precursor_1384,1.00000,0.00000
by_1385,0.99993,0.00007
proteolytic_1386,1.00000,0.00000
degradation_1387,1.00000,0.00000
._1388,1.00000,0.00000
the_1389,1.00000,0.00000
last_1390,1.00000,0.00000
step_1391,1.00000,0.00000
cleaves_1392,1.00000,0.00000
big_1393,1.00000,0.00000
-_1394,1.00000,0.00000
endothelin_1395,1.00000,0.00000
(_1396,1.00000,0.00000
1_1397,1.00000,0.00000
-_1398,1.00000,0.00000
38_1399,1.00000,0.00000
)_1400,1.00000,0.00000
to_1401,1.00000,0.00000
endothelin_1402,1.00000,0.00000
(_1403,1.00000,0.00000
1_1404,0.99993,0.00007
-_1405,1.00000,0.00000
21_1406,1.00000,0.00000
)_1407,1.00000,0.00000
and_1408,1.00000,0.00000
a_1409,1.00000,0.00000
c_1410,1.00000,0.00000
-_1411,1.00000,0.00000
terminal_1412,1.00000,0.00000
fragment_1413,1.00000,0.00000
._1414,1.00000,0.00000
we_1415,1.00000,0.00000
have_1416,1.00000,0.00000
developed_1417,1.00000,0.00000
a_1418,1.00000,0.00000
radioimmunoassay_1419,1.00000,0.00000
for_1420,1.00000,0.00000
this_1421,1.00000,0.00000
peptide_1422,1.00000,0.00000
,_1423,1.00000,0.00000
based_1424,1.00000,0.00000
on_1425,1.00000,0.00000
an_1426,1.00000,0.00000
antiserum_1427,1.00000,0.00000
recognizing_1428,1.00000,0.00000
the_1429,1.00000,0.00000
c_1430,0.99993,0.00007
-_1431,0.99993,0.00007
terminal_1432,0.99993,0.00007
sequence_1433,1.00000,0.00000
big_1434,0.99993,0.00007
-_1435,1.00000,0.00000
endothelin_1436,1.00000,0.00000
(_1437,1.00000,0.00000
22_1438,1.00000,0.00000
-_1439,0.99993,0.00007
38_1440,1.00000,0.00000
)_1441,1.00000,0.00000
and_1442,1.00000,0.00000
cross_1443,1.00000,0.00000
-_1444,1.00000,0.00000
reacting_1445,1.00000,0.00000
with_1446,1.00000,0.00000
intact_1447,1.00000,0.00000
big_1448,1.00000,0.00000
-_1449,1.00000,0.00000
endothelin_1450,1.00000,0.00000
._1451,0.99993,0.00007
to_1452,1.00000,0.00000
test_1453,1.00000,0.00000
for_1454,1.00000,0.00000
the_1455,1.00000,0.00000
presence_1456,1.00000,0.00000
of_1457,1.00000,0.00000
immunoreactive_1458,1.00000,0.00000
big_1459,1.00000,0.00000
-_1460,1.00000,0.00000
endothelin_1461,1.00000,0.00000
(_1462,1.00000,0.00000
22_1463,1.00000,0.00000
-_1464,1.00000,0.00000
38_1465,1.00000,0.00000
)_1466,1.00000,0.00000
in_1467,1.00000,0.00000
plasma_1468,1.00000,0.00000
,_1469,1.00000,0.00000
samples_1470,0.99873,0.00127
were_1471,0.78257,0.21743
extracted_1472,0.78257,0.21743
by_1473,1.00000,0.00000
passage_1474,1.00000,0.00000
through_1475,1.00000,0.00000
c18_1476,1.00000,0.00000
silica_1477,0.78257,0.21743
cartridges_1478,0.78257,0.21743
,_1479,1.00000,0.00000
and_1480,1.00000,0.00000
desorption_1481,1.00000,0.00000
with_1482,1.00000,0.00000
methanol_1483,1.00000,0.00000
/_1484,1.00000,0.00000
water_1485,1.00000,0.00000
volume_1486,1.00000,0.00000
fraction_1487,0.99993,0.00007
0_1488,0.99993,0.00007
._1489,0.99516,0.00484
8_1490,0.15835,0.84165
._1491,0.15835,0.84165
the_1492,1.00000,0.00000
yields_1493,1.00000,0.00000
of_1494,1.00000,0.00000
this_1495,1.00000,0.00000
purification_1496,1.00000,0.00000
and_1497,0.99993,0.00007
concentration_1498,0.99993,0.00007
procedure_1499,0.99993,0.00007
were_1500,1.00000,0.00000
about_1501,1.00000,0.00000
70_1502,1.00000,0.00000
%_1503,1.00000,0.00000
._1504,1.00000,0.00000
in_1505,1.00000,0.00000
15_1506,0.99993,0.00007
healthy_1507,0.99993,0.00007
persons_1508,1.00000,0.00000
we_1509,1.00000,0.00000
found_1510,1.00000,0.00000
concentrations_1511,0.99873,0.00127
of_1512,0.99873,0.00127
1_1513,1.00000,0.00000
-_1514,1.00000,0.00000
11_1515,1.00000,0.00000
pmol_1516,1.00000,0.00000
/_1517,1.00000,0.00000
l_1518,1.00000,0.00000
,_1519,0.99873,0.00127
which_1520,0.99873,0.00127
is_1521,0.99873,0.00127
about_1522,0.99873,0.00127
10_1523,1.00000,0.00000
-_1524,1.00000,0.00000
fold_1525,1.00000,0.00000
higher_1526,1.00000,0.00000
than_1527,1.00000,0.00000
the_1528,1.00000,0.00000
reference_1529,1.00000,0.00000
levels_1530,1.00000,0.00000
reported_1531,1.00000,0.00000
for_1532,1.00000,0.00000
endothelin_1533,1.00000,0.00000
(_1534,1.00000,0.00000
1_1535,1.00000,0.00000
-_1536,1.00000,0.00000
21_1537,1.00000,0.00000
)_1538,1.00000,0.00000
or_1539,1.00000,0.00000
big_1540,1.00000,0.00000
-_1541,1.00000,0.00000
endothelin_1542,1.00000,0.00000
(_1543,1.00000,0.00000
1_1544,1.00000,0.00000
-_1545,1.00000,0.00000
38_1546,1.00000,0.00000
)_1547,1.00000,0.00000
._1548,1.00000,0.00000
thus_1549,1.00000,0.00000
,_1550,1.00000,0.00000
endothelin_1551,0.00007,0.99993
-_1552,1.00000,0.00000
derived_1553,1.00000,0.00000
peptides_1554,1.00000,0.00000
containing_1555,1.00000,0.00000
the_1556,1.00000,0.00000
big_1557,1.00000,0.00000
-_1558,1.00000,0.00000
endothelin_1559,0.00000,1.00000
(_1560,1.00000,0.00000
22_1561,1.00000,0.00000
-_1562,1.00000,0.00000
38_1563,1.00000,0.00000
)_1564,1.00000,0.00000
sequence_1565,1.00000,0.00000
,_1566,1.00000,0.00000
but_1567,0.00000,1.00000
different_1568,0.00484,0.99516
from_1569,0.00484,0.99516
intact_1570,0.99993,0.00007
big_1571,1.00000,0.00000
-_1572,1.00000,0.00000
endothelin_1573,1.00000,0.00000
,_1574,1.00000,0.00000
do_1575,0.00000,1.00000
circulate_1576,1.00000,0.00000
in_1577,0.99993,0.00007
human_1578,0.99993,0.00007
blood_1579,0.99993,0.00007
._1580,0.99993,0.00007
if_1581,1.00000,0.00000
a_1582,1.00000,0.00000
sufficiently_1583,1.00000,0.00000
tight_1584,1.00000,0.00000
correlation_1585,1.00000,0.00000
to_1586,1.00000,0.00000
levels_1587,1.00000,0.00000
of_1588,1.00000,0.00000
circulating_1589,1.00000,0.00000
endothelin_1590,1.00000,0.00000
(_1591,1.00000,0.00000
2_1592,1.00000,0.00000
-_1593,1.00000,0.00000
21_1594,1.00000,0.00000
)_1595,1.00000,0.00000
can_1596,1.00000,0.00000
be_1597,1.00000,0.00000
proven_1598,1.00000,0.00000
,_1599,1.00000,0.00000
this_1600,1.00000,0.00000
would_1601,1.00000,0.00000
facilitate_1602,1.00000,0.00000
studies_1603,1.00000,0.00000
on_1604,1.00000,0.00000
the_1605,0.99993,0.00007
physiological_1606,0.99993,0.00007
role_1607,1.00000,0.00000
of_1608,1.00000,0.00000
endogenous_1609,1.00000,0.00000
endothelin_1610,1.00000,0.00000
._1611,1.00000,0.00000
visualization_1612,1.00000,0.00000
of_1613,0.13889,0.86111
the_1614,1.00000,0.00000
heterogeneous_1615,1.00000,0.00000
membrane_1616,1.00000,0.00000
distribution_1617,1.00000,0.00000
of_1618,1.00000,0.00000
sphingomyelin_1619,0.00007,0.99993
associated_1620,1.00000,0.00000
with_1621,0.09081,0.90919
cytokinesis_1622,0.69288,0.30712
,_1623,0.13889,0.86111
cell_1624,1.00000,0.00000
polarity_1625,1.00000,0.00000
,_1626,1.00000,0.00000
and_1627,1.00000,0.00000
sphingolipidosis_1628,1.00000,0.00000
._1629,1.00000,0.00000
sphingomyelin_1630,1.00000,0.00000
(_1631,1.00000,0.00000
sm_1632,1.00000,0.00000
)_1633,1.00000,0.00000
is_1634,1.00000,0.00000
a_1635,1.00000,0.00000
major_1636,1.00000,0.00000
sphingolipid_1637,1.00000,0.00000
in_1638,1.00000,0.00000
mammalian_1639,1.00000,0.00000
cells_1640,1.00000,0.00000
and_1641,1.00000,0.00000
is_1642,1.00000,0.00000
reported_1643,1.00000,0.00000
to_1644,1.00000,0.00000
form_1645,1.00000,0.00000
specific_1646,1.00000,0.00000
lipid_1647,1.00000,0.00000
domains_1648,1.00000,0.00000
together_1649,1.00000,0.00000
with_1650,1.00000,0.00000
cholesterol_1651,1.00000,0.00000
._1652,1.00000,0.00000
however_1653,1.00000,0.00000
,_1654,1.00000,0.00000
methods_1655,1.00000,0.00000
to_1656,1.00000,0.00000
examine_1657,1.00000,0.00000
the_1658,1.00000,0.00000
membrane_1659,1.00000,0.00000
distribution_1660,1.00000,0.00000
of_1661,1.00000,0.00000
sm_1662,1.00000,0.00000
are_1663,0.30712,0.69288
limited_1664,1.00000,0.00000
._1665,0.95688,0.04312
we_1666,0.95688,0.04312
demonstrated_1667,1.00000,0.00000
in_1668,0.86111,0.13889
model_1669,0.86111,0.13889
membranes_1670,1.00000,0.00000
that_1671,0.99993,0.00007
fluorescent_1672,0.99993,0.00007
protein_1673,1.00000,0.00000
conjugates_1674,1.00000,0.00000
of_1675,1.00000,0.00000
2_1676,0.99993,0.00007
specific_1677,0.99993,0.00007
sm_1678,0.28301,0.71699
-_1679,0.28301,0.71699
binding_1680,0.00127,0.99873
toxins_1681,1.00000,0.00000
,_1682,0.00000,1.00000
lysenin_1683,0.00000,1.00000
(_1684,0.38045,0.61955
lys_1685,0.00000,1.00000
)_1686,1.00000,0.00000
and_1687,1.00000,0.00000
equinatoxin_1688,1.00000,0.00000
ii_1689,1.00000,0.00000
(_1690,1.00000,0.00000
eqtii_1691,0.98911,0.01089
)_1692,1.00000,0.00000
,_1693,1.00000,0.00000
recognize_1694,1.00000,0.00000
different_1695,1.00000,0.00000
membrane_1696,1.00000,0.00000
distributions_1697,1.00000,0.00000
of_1698,1.00000,0.00000
sm_1699,1.00000,0.00000
;_1700,0.99516,0.00484
lys_1701,1.00000,0.00000
exclusively_1702,1.00000,0.00000
binds_1703,1.00000,0.00000
clustered_1704,1.00000,0.00000
sm_1705,1.00000,0.00000
,_1706,1.00000,0.00000
whereas_1707,1.00000,0.00000
eqtii_1708,1.00000,0.00000
preferentially_1709,0.99516,0.00484
binds_1710,0.99516,0.00484
dispersed_1711,0.99516,0.00484
sm_1712,1.00000,0.00000
._1713,1.00000,0.00000
freeze_1714,1.00000,0.00000
-_1715,1.00000,0.00000
fracture_1716,1.00000,0.00000
immunoelectron_1717,1.00000,0.00000
microscopy_1718,1.00000,0.00000
showed_1719,1.00000,0.00000
that_1720,1.00000,0.00000
clustered_1721,1.00000,0.00000
but_1722,1.00000,0.00000
not_1723,1.00000,0.00000
dispersed_1724,1.00000,0.00000
sm_1725,1.00000,0.00000
formed_1726,1.00000,0.00000
lipid_1727,1.00000,0.00000
domains_1728,1.00000,0.00000
on_1729,0.99993,0.00007
the_1730,0.99993,0.00007
cell_1731,0.99993,0.00007
surface_1732,0.99993,0.00007
._1733,0.99993,0.00007
glycolipids_1734,0.95688,0.04312
and_1735,0.99993,0.00007
the_1736,0.99993,0.00007
membrane_1737,0.99993,0.00007
concentration_1738,0.99993,0.00007
of_1739,0.99993,0.00007
sm_1740,0.99993,0.00007
affect_1741,1.00000,0.00000
the_1742,1.00000,0.00000
sm_1743,1.00000,0.00000
distribution_1744,1.00000,0.00000
pattern_1745,1.00000,0.00000
on_1746,1.00000,0.00000
the_1747,1.00000,0.00000
plasma_1748,1.00000,0.00000
membrane_1749,1.00000,0.00000
._1750,1.00000,0.00000
using_1751,1.00000,0.00000
derivatives_1752,1.00000,0.00000
of_1753,1.00000,0.00000
lys_1754,1.00000,0.00000
and_1755,1.00000,0.00000
eqtii_1756,1.00000,0.00000
as_1757,1.00000,0.00000
sm_1758,1.00000,0.00000
distribution_1759,1.00000,0.00000
-_1760,1.00000,0.00000
sensitive_1761,1.00000,0.00000
probes_1762,1.00000,0.00000
,_1763,1.00000,0.00000
we_1764,1.00000,0.00000
revealed_1765,1.00000,0.00000
the_1766,1.00000,0.00000
exclusive_1767,1.00000,0.00000
accumulation_1768,1.00000,0.00000
of_1769,1.00000,0.00000
sm_1770,1.00000,0.00000
clusters_1771,1.00000,0.00000
in_1772,1.00000,0.00000
the_1773,1.00000,0.00000
midbody_1774,1.00000,0.00000
at_1775,1.00000,0.00000
the_1776,1.00000,0.00000
time_1777,1.00000,0.00000
of_1778,1.00000,0.00000
cytokinesis_1779,1.00000,0.00000
._1780,1.00000,0.00000
interestingly_1781,1.00000,0.00000
,_1782,1.00000,0.00000
apical_1783,1.00000,0.00000
membranes_1784,1.00000,0.00000
of_1785,1.00000,0.00000
differentiated_1786,1.00000,0.00000
epithelial_1787,1.00000,0.00000
cells_1788,1.00000,0.00000
exhibited_1789,1.00000,0.00000
dispersed_1790,1.00000,0.00000
sm_1791,1.00000,0.00000
distribution_1792,1.00000,0.00000
,_1793,1.00000,0.00000
whereas_1794,1.00000,0.00000
sm_1795,1.00000,0.00000
was_1796,1.00000,0.00000
clustered_1797,1.00000,0.00000
in_1798,1.00000,0.00000
basolateral_1799,1.00000,0.00000
membranes_1800,1.00000,0.00000
._1801,1.00000,0.00000
clustered_1802,1.00000,0.00000
but_1803,1.00000,0.00000
not_1804,1.00000,0.00000
dispersed_1805,1.00000,0.00000
sm_1806,1.00000,0.00000
was_1807,1.00000,0.00000
absent_1808,1.00000,0.00000
from_1809,1.00000,0.00000
the_1810,1.00000,0.00000
cell_1811,1.00000,0.00000
surface_1812,1.00000,0.00000
of_1813,1.00000,0.00000
acid_1814,1.00000,0.00000
sphingomyelinase_1815,1.00000,0.00000
-_1816,1.00000,0.00000
deficient_1817,1.00000,0.00000
niemann_1818,1.00000,0.00000
-_1819,1.00000,0.00000
pick_1820,1.00000,0.00000
type_1821,1.00000,0.00000
a_1822,1.00000,0.00000
cells_1823,1.00000,0.00000
._1824,1.00000,0.00000
these_1825,1.00000,0.00000
data_1826,1.00000,0.00000
suggest_1827,1.00000,0.00000
that_1828,1.00000,0.00000
both_1829,1.00000,0.00000
the_1830,1.00000,0.00000
sm_1831,1.00000,0.00000
content_1832,1.00000,0.00000
and_1833,1.00000,0.00000
membrane_1834,1.00000,0.00000
distribution_1835,1.00000,0.00000
are_1836,1.00000,0.00000
crucial_1837,1.00000,0.00000
for_1838,1.00000,0.00000
pathophysiological_1839,1.00000,0.00000
events_1840,1.00000,0.00000
bringing_1841,1.00000,0.00000
therapeutic_1842,1.00000,0.00000
perspective_1843,1.00000,0.00000
in_1844,1.00000,0.00000
the_1845,1.00000,0.00000
role_1846,1.00000,0.00000
of_1847,1.00000,0.00000
sm_1848,1.00000,0.00000
membrane_1849,1.00000,0.00000
distribution_1850,1.00000,0.00000
._1851,1.00000,0.00000
-_1852,1.00000,0.00000
makino_1853,1.00000,0.00000
,_1854,1.00000,0.00000
a_1855,0.98911,0.01089
._1856,1.00000,0.00000
,_1857,1.00000,0.00000
abe_1858,1.00000,0.00000
,_1859,1.00000,0.00000
m_1860,1.00000,0.00000
._1861,1.00000,0.00000
,_1862,1.00000,0.00000
murate_1863,0.99873,0.00127
,_1864,1.00000,0.00000
m_1865,1.00000,0.00000
._1866,1.00000,0.00000
,_1867,1.00000,0.00000
inaba_1868,1.00000,0.00000
,_1869,1.00000,0.00000
t_1870,1.00000,0.00000
._1871,1.00000,0.00000
,_1872,1.00000,0.00000
yilmaz_1873,1.00000,0.00000
,_1874,1.00000,0.00000
n_1875,1.00000,0.00000
._1876,1.00000,0.00000
,_1877,1.00000,0.00000
hullin_1878,1.00000,0.00000
-_1879,0.99873,0.00127
matsuda_1880,0.78257,0.21743
,_1881,1.00000,0.00000
f_1882,1.00000,0.00000
._1883,1.00000,0.00000
,_1884,0.95688,0.04312
kishimoto_1885,1.00000,0.00000
,_1886,1.00000,0.00000
t_1887,0.09081,0.90919
._1888,1.00000,0.00000
,_1889,0.99993,0.00007
schieber_1890,1.00000,0.00000
,_1891,1.00000,0.00000
n_1892,1.00000,0.00000
._1893,0.99873,0.00127
l_1894,0.78257,0.21743
._1895,0.99516,0.00484
,_1896,0.99516,0.00484
taguchi_1897,0.99516,0.00484
,_1898,0.99873,0.00127
t_1899,1.00000,0.00000
._1900,1.00000,0.00000
,_1901,0.09081,0.90919
arai_1902,0.09081,0.90919
,_1903,0.09081,0.90919
h_1904,0.09081,0.90919
._1905,0.09081,0.90919
,_1906,0.00007,0.99993
anderluh_1907,0.09081,0.90919
,_1908,0.00007,0.99993
g_1909,0.00007,0.99993
._1910,1.00000,0.00000
,_1911,0.15835,0.84165
parton_1912,0.78257,0.21743
,_1913,0.78257,0.21743
r_1914,0.78257,0.21743
._1915,0.00007,0.99993
g_1916,1.00000,0.00000
._1917,1.00000,0.00000
,_1918,1.00000,0.00000
kobayashi_1919,1.00000,0.00000
,_1920,0.99873,0.00127
t_1921,0.59463,0.40537
._1922,0.00007,0.99993
visualization_1923,0.09081,0.90919
of_1924,0.09081,0.90919
the_1925,0.00007,0.99993
heterogeneous_1926,0.98580,0.01420
membrane_1927,0.00007,0.99993
distribution_1928,0.99993,0.00007
of_1929,0.99993,0.00007
sphingomyelin_1930,1.00000,0.00000
associated_1931,1.00000,0.00000
with_1932,1.00000,0.00000
cytokinesis_1933,1.00000,0.00000
,_1934,1.00000,0.00000
cell_1935,1.00000,0.00000
polarity_1936,1.00000,0.00000
,_1937,1.00000,0.00000
and_1938,1.00000,0.00000
sphingolipidosis_1939,1.00000,0.00000
._1940,1.00000,0.00000
improvement_1941,1.00000,0.00000
of_1942,1.00000,0.00000
eeg_1943,1.00000,0.00000
signal_1944,0.86111,0.13889
acquisition_1945,0.86111,0.13889
:_1946,0.86111,0.13889
an_1947,1.00000,0.00000
electrical_1948,0.99993,0.00007
aspect_1949,0.99993,0.00007
for_1950,0.99993,0.00007
state_1951,0.99993,0.00007
of_1952,0.99993,0.00007
the_1953,0.99993,0.00007
art_1954,0.99993,0.00007
of_1955,0.99993,0.00007
front_1956,0.99993,0.00007
end_1957,0.99993,0.00007
._1958,0.99993,0.00007
the_1959,1.00000,0.00000
aim_1960,0.99873,0.00127
of_1961,0.99873,0.00127
this_1962,0.99873,0.00127
study_1963,1.00000,0.00000
is_1964,0.99993,0.00007
to_1965,0.40537,0.59463
present_1966,0.40537,0.59463
some_1967,0.40537,0.59463
practical_1968,0.00000,1.00000
state_1969,0.40537,0.59463
-_1970,0.00000,1.00000
of_1971,0.99993,0.00007
-_1972,0.01420,0.98580
the_1973,0.95688,0.04312
-_1974,0.95688,0.04312
art_1975,0.95688,0.04312
considerations_1976,0.95688,0.04312
in_1977,0.95688,0.04312
acquiring_1978,0.95688,0.04312
satisfactory_1979,0.95688,0.04312
signals_1980,0.95688,0.04312
for_1981,0.95688,0.04312
electroencephalographic_1982,0.95688,0.04312
signal_1983,0.95688,0.04312
acquisition_1984,0.95688,0.04312
._1985,0.99993,0.00007
these_1986,0.99993,0.00007
considerations_1987,0.99993,0.00007
are_1988,0.99993,0.00007
important_1989,0.99993,0.00007
for_1990,0.99993,0.00007
users_1991,0.99993,0.00007
and_1992,0.99993,0.00007
system_1993,0.95688,0.04312
designers_1994,1.00000,0.00000
._1995,0.95688,0.04312
especially_1996,0.95688,0.04312
choosing_1997,0.95688,0.04312
correct_1998,0.95688,0.04312
electrode_1999,1.00000,0.00000
and_2000,1.00000,0.00000
design_2001,1.00000,0.00000
strategy_2002,1.00000,0.00000
of_2003,1.00000,0.00000
the_2004,1.00000,0.00000
initial_2005,1.00000,0.00000
electronic_2006,1.00000,0.00000
circuitry_2007,1.00000,0.00000
front_2008,1.00000,0.00000
end_2009,1.00000,0.00000
plays_2010,1.00000,0.00000
an_2011,1.00000,0.00000
important_2012,1.00000,0.00000
role_2013,1.00000,0.00000
in_2014,1.00000,0.00000
improving_2015,1.00000,0.00000
the_2016,1.00000,0.00000
system_2017,1.00000,0.00000
'_2018,1.00000,0.00000
s_2019,1.00000,0.00000
measurement_2020,1.00000,0.00000
performance_2021,1.00000,0.00000
._2022,1.00000,0.00000
considering_2023,1.00000,0.00000
the_2024,1.00000,0.00000
pitfalls_2025,1.00000,0.00000
in_2026,1.00000,0.00000
the_2027,1.00000,0.00000
design_2028,1.00000,0.00000
of_2029,1.00000,0.00000
biopotential_2030,1.00000,0.00000
measurement_2031,1.00000,0.00000
system_2032,1.00000,0.00000
and_2033,1.00000,0.00000
recording_2034,1.00000,0.00000
session_2035,1.00000,0.00000
conditions_2036,1.00000,0.00000
creates_2037,1.00000,0.00000
better_2038,1.00000,0.00000
accuracy_2039,1.00000,0.00000
._2040,1.00000,0.00000
in_2041,1.00000,0.00000
electroencephalogram_2042,1.00000,0.00000
(_2043,1.00000,0.00000
eeg_2044,1.00000,0.00000
)_2045,1.00000,0.00000
recording_2046,1.00000,0.00000
electrodes_2047,1.00000,0.00000
,_2048,1.00000,0.00000
system_2049,1.00000,0.00000
electronics_2050,1.00000,0.00000
including_2051,1.00000,0.00000
filtering_2052,1.00000,0.00000
,_2053,1.00000,0.00000
amplifying_2054,1.00000,0.00000
,_2055,0.15835,0.84165
signal_2056,0.00007,0.99993
conversion_2057,0.99873,0.00127
,_2058,1.00000,0.00000
data_2059,1.00000,0.00000
storing_2060,1.00000,0.00000
,_2061,0.69288,0.30712
and_2062,1.00000,0.00000
environmental_2063,1.00000,0.00000
conditions_2064,1.00000,0.00000
affect_2065,0.00484,0.99516
the_2066,0.00484,0.99516
recording_2067,0.00007,0.99993
performance_2068,0.99993,0.00007
._2069,0.99993,0.00007
in_2070,1.00000,0.00000
this_2071,0.13889,0.86111
paper_2072,0.99993,0.00007
,_2073,0.99993,0.00007
eeg_2074,0.99993,0.00007
electrode_2075,0.99873,0.00127
principles_2076,1.00000,0.00000
and_2077,1.00000,0.00000
main_2078,0.00007,0.99993
points_2079,1.00000,0.00000
of_2080,1.00000,0.00000
electronic_2081,1.00000,0.00000
noise_2082,1.00000,0.00000
reduction_2083,1.00000,0.00000
methods_2084,1.00000,0.00000
in_2085,1.00000,0.00000
eeg_2086,1.00000,0.00000
signal_2087,1.00000,0.00000
acquisition_2088,1.00000,0.00000
front_2089,1.00000,0.00000
end_2090,1.00000,0.00000
are_2091,1.00000,0.00000
discussed_2092,1.00000,0.00000
,_2093,0.15835,0.84165
and_2094,1.00000,0.00000
some_2095,1.00000,0.00000
suggestions_2096,1.00000,0.00000
for_2097,1.00000,0.00000
improving_2098,1.00000,0.00000
signal_2099,1.00000,0.00000
acquisition_2100,1.00000,0.00000
are_2101,1.00000,0.00000
presented_2102,1.00000,0.00000
._2103,1.00000,0.00000
comparative_2104,1.00000,0.00000
in_2105,1.00000,0.00000
vitro_2106,1.00000,0.00000
activity_2107,1.00000,0.00000
of_2108,1.00000,0.00000
the_2109,1.00000,0.00000
new_2110,1.00000,0.00000
oral_2111,1.00000,0.00000
cephalosporin_2112,1.00000,0.00000
bmy_2113,1.00000,0.00000
-_2114,1.00000,0.00000
28100_2115,1.00000,0.00000
._2116,1.00000,0.00000
using_2117,1.00000,0.00000
a_2118,1.00000,0.00000
broth_2119,1.00000,0.00000
microdilution_2120,1.00000,0.00000
method_2121,1.00000,0.00000
,_2122,1.00000,0.00000
the_2123,1.00000,0.00000
in_2124,1.00000,0.00000
vitro_2125,1.00000,0.00000
activity_2126,1.00000,0.00000
of_2127,1.00000,0.00000
bmy_2128,1.00000,0.00000
-_2129,1.00000,0.00000
28100_2130,1.00000,0.00000
against_2131,1.00000,0.00000
365_2132,1.00000,0.00000
clinical_2133,1.00000,0.00000
strains_2134,1.00000,0.00000
of_2135,1.00000,0.00000
commonly_2136,1.00000,0.00000
isolated_2137,1.00000,0.00000
bacteria_2138,1.00000,0.00000
was_2139,1.00000,0.00000
determined_2140,0.15835,0.84165
._2141,1.00000,0.00000
bmy_2142,1.00000,0.00000
-_2143,1.00000,0.00000
28100_2144,1.00000,0.00000
showed_2145,1.00000,0.00000
good_2146,1.00000,0.00000
activity_2147,1.00000,0.00000
against_2148,1.00000,0.00000
streptococci_2149,1.00000,0.00000
,_2150,1.00000,0.00000
methicillin_2151,1.00000,0.00000
-_2152,1.00000,0.00000
susceptible_2153,1.00000,0.00000
staphylococci_2154,1.00000,0.00000
,_2155,1.00000,0.00000
salmonella_2156,1.00000,0.00000
spp_2157,1.00000,0.00000
._2158,1.00000,0.00000
,_2159,1.00000,0.00000
shigella_2160,1.00000,0.00000
spp_2161,1.00000,0.00000
._2162,1.00000,0.00000
,_2163,1.00000,0.00000
and_2164,1.00000,0.00000
beta_2165,1.00000,0.00000
-_2166,1.00000,0.00000
lactamase_2167,1.00000,0.00000
producing_2168,1.00000,0.00000
branhamella_2169,1.00000,0.00000
catarrhalis_2170,1.00000,0.00000
and_2171,1.00000,0.00000
haemophilus_2172,1.00000,0.00000
influenzae_2173,1.00000,0.00000
._2174,1.00000,0.00000
against_2175,1.00000,0.00000
susceptible_2176,1.00000,0.00000
strains_2177,1.00000,0.00000
of_2178,0.99516,0.00484
these_2179,0.99516,0.00484
organisms_2180,1.00000,0.00000
,_2181,1.00000,0.00000
bmy_2182,1.00000,0.00000
-_2183,1.00000,0.00000
28100_2184,1.00000,0.00000
showed_2185,1.00000,0.00000
activity_2186,1.00000,0.00000
comparable_2187,1.00000,0.00000
to_2188,1.00000,0.00000
that_2189,1.00000,0.00000
of_2190,1.00000,0.00000
penicillin_2191,1.00000,0.00000
g_2192,1.00000,0.00000
,_2193,1.00000,0.00000
ampicillin_2194,1.00000,0.00000
,_2195,1.00000,0.00000
co_2196,1.00000,0.00000
-_2197,1.00000,0.00000
trimoxazole_2198,1.00000,0.00000
,_2199,1.00000,0.00000
erythromycin_2200,1.00000,0.00000
,_2201,1.00000,0.00000
cefaclor_2202,1.00000,0.00000
,_2203,1.00000,0.00000
doxycycline_2204,1.00000,0.00000
and_2205,1.00000,0.00000
amoxicillin_2206,1.00000,0.00000
/_2207,1.00000,0.00000
potassium_2208,1.00000,0.00000
clavulanate_2209,1.00000,0.00000
._2210,1.00000,0.00000
bmy_2211,1.00000,0.00000
-_2212,1.00000,0.00000
28100_2213,1.00000,0.00000
had_2214,1.00000,0.00000
moderate_2215,1.00000,0.00000
activity_2216,1.00000,0.00000
against_2217,1.00000,0.00000
arizona_2218,1.00000,0.00000
hinshawii_2219,1.00000,0.00000
and_2220,1.00000,0.00000
poor_2221,1.00000,0.00000
activity_2222,1.00000,0.00000
against_2223,1.00000,0.00000
campylobacter_2224,1.00000,0.00000
jejuni_2225,1.00000,0.00000
and_2226,1.00000,0.00000
yersinia_2227,1.00000,0.00000
enterocolitica_2228,1.00000,0.00000
._2229,1.00000,0.00000
reimplantation_2230,1.00000,0.00000
of_2231,1.00000,0.00000
the_2232,1.00000,0.00000
dilated_2233,1.00000,0.00000
ectopic_2234,1.00000,0.00000
ureter_2235,1.00000,0.00000
of_2236,1.00000,0.00000
the_2237,1.00000,0.00000
duplex_2238,1.00000,0.00000
system_2239,1.00000,0.00000
as_2240,1.00000,0.00000
a_2241,1.00000,0.00000
separate_2242,1.00000,0.00000
unit_2243,1.00000,0.00000
._2244,1.00000,0.00000
