# id,z
1,0.37305,0.33527,0.29168
2,0.29108,0.35473,0.35419
3,0.29108,0.35473,0.35419
4,0.29108,0.35473,0.35419
5,0.32299,0.35402,0.32299
6,0.32299,0.35402,0.32299
7,0.35942,0.28188,0.35870
8,0.29020,0.37263,0.33717
9,0.29020,0.37263,0.33717
10,0.34942,0.30116,0.34942
11,0.35177,0.28886,0.35937
12,0.34942,0.30116,0.34942
13,0.34136,0.31729,0.34136
14,0.28159,0.43682,0.28159
15,0.35485,0.29186,0.35329
16,0.28828,0.35801,0.35371
17,0.28553,0.36041,0.35407
18,0.27336,0.34387,0.38277
19,0.27336,0.34387,0.38277
20,0.35493,0.32254,0.32254
21,0.29108,0.35473,0.35419
22,0.29108,0.35473,0.35419
23,0.29108,0.35473,0.35419
24,0.28161,0.35592,0.36246
25,0.28161,0.35592,0.36246
26,0.28161,0.35592,0.36246
27,0.34179,0.28887,0.36934
28,0.28459,0.35481,0.36060
29,0.43682,0.28159,0.28159
30,0.43682,0.28159,0.28159
31,0.28412,0.35866,0.35722
32,0.32882,0.34235,0.32882
33,0.32882,0.34235,0.32882
34,0.38225,0.34146,0.27629
35,0.26506,0.31592,0.41902
36,0.29242,0.35511,0.35247
37,0.29765,0.34688,0.35547
38,0.29810,0.34545,0.35644
39,0.28778,0.36864,0.34358
40,0.28159,0.43682,0.28159
41,0.28159,0.43682,0.28159
42,0.28159,0.43682,0.28159
43,0.29108,0.35473,0.35419
44,0.43682,0.28159,0.28159
45,0.43682,0.28159,0.28159
46,0.43682,0.28159,0.28159
47,0.28159,0.28159,0.43682
48,0.28159,0.28159,0.43682
49,0.28159,0.28159,0.43682
50,0.28159,0.28159,0.43682
51,0.28159,0.28159,0.43682
52,0.28159,0.28159,0.43682
53,0.30891,0.30891,0.38218
54,0.28159,0.28159,0.43682
55,0.28159,0.28159,0.43682
56,0.30891,0.30891,0.38218
57,0.28159,0.28159,0.43682
58,0.28102,0.33998,0.37900
59,0.28159,0.28159,0.43682
60,0.28159,0.28159,0.43682
61,0.28159,0.28159,0.43682
62,0.28159,0.28159,0.43682
63,0.28159,0.28159,0.43682
64,0.28159,0.28159,0.43682
65,0.28159,0.28159,0.43682
66,0.28159,0.28159,0.43682
67,0.28159,0.28159,0.43682
68,0.28159,0.28159,0.43682
69,0.28159,0.28159,0.43682
70,0.28159,0.28159,0.43682
71,0.28159,0.28159,0.43682
72,0.28159,0.28159,0.43682
73,0.28159,0.28159,0.43682
74,0.28159,0.28159,0.43682
75,0.28159,0.28159,0.43682
76,0.28159,0.28159,0.43682
77,0.33998,0.28102,0.37900
78,0.28159,0.28159,0.43682
79,0.28159,0.28159,0.43682
80,0.28159,0.28159,0.43682
81,0.28159,0.28159,0.43682
82,0.28159,0.28159,0.43682
83,0.28159,0.28159,0.43682
84,0.28159,0.28159,0.43682
85,0.28159,0.28159,0.43682
86,0.28159,0.28159,0.43682
87,0.28159,0.28159,0.43682
88,0.28159,0.28159,0.43682
89,0.28159,0.28159,0.43682
90,0.28159,0.28159,0.43682
91,0.28159,0.28159,0.43682
92,0.28159,0.28159,0.43682
93,0.28159,0.28159,0.43682
94,0.28159,0.28159,0.43682
95,0.28159,0.28159,0.43682
96,0.28159,0.28159,0.43682
97,0.28159,0.28159,0.43682
98,0.28159,0.28159,0.43682
99,0.28159,0.28159,0.43682
100,0.28159,0.28159,0.43682
101,0.28159,0.28159,0.43682
102,0.28159,0.28159,0.43682
103,0.28159,0.28159,0.43682
104,0.28159,0.28159,0.43682
105,0.28159,0.28159,0.43682
106,0.28159,0.28159,0.43682
107,0.28159,0.28159,0.43682
108,0.28159,0.28159,0.43682
109,0.28159,0.28159,0.43682
110,0.28159,0.28159,0.43682
111,0.28159,0.28159,0.43682
112,0.28159,0.28159,0.43682
113,0.28159,0.28159,0.43682
114,0.28159,0.28159,0.43682
115,0.28159,0.28159,0.43682
116,0.28159,0.28159,0.43682
117,0.28159,0.28159,0.43682
118,0.28159,0.28159,0.43682
119,0.28159,0.28159,0.43682
120,0.28159,0.28159,0.43682
121,0.28159,0.28159,0.43682
122,0.28159,0.28159,0.43682
123,0.28159,0.28159,0.43682
124,0.28159,0.28159,0.43682
125,0.28159,0.28159,0.43682
126,0.28159,0.28159,0.43682
127,0.28159,0.28159,0.43682
128,0.28159,0.28159,0.43682
129,0.28159,0.28159,0.43682
130,0.28159,0.28159,0.43682
131,0.28159,0.28159,0.43682
132,0.28159,0.28159,0.43682
133,0.28159,0.28159,0.43682
134,0.28159,0.28159,0.43682
135,0.28159,0.28159,0.43682
136,0.28159,0.28159,0.43682
137,0.28159,0.28159,0.43682
138,0.28159,0.28159,0.43682
139,0.28159,0.28159,0.43682
140,0.28159,0.28159,0.43682
141,0.28159,0.28159,0.43682
142,0.28159,0.28159,0.43682
143,0.28159,0.28159,0.43682
144,0.28159,0.28159,0.43682
145,0.28159,0.28159,0.43682
146,0.28159,0.28159,0.43682
147,0.28159,0.28159,0.43682
148,0.28159,0.28159,0.43682
149,0.28159,0.28159,0.43682
150,0.28159,0.28159,0.43682
151,0.36934,0.28887,0.34179
152,0.28159,0.28159,0.43682
153,0.34150,0.28225,0.37626
154,0.37305,0.29168,0.33527
155,0.31052,0.31052,0.37896
156,0.31052,0.31052,0.37896
157,0.31052,0.31052,0.37896
158,0.31052,0.31052,0.37896
159,0.31052,0.31052,0.37896
160,0.31052,0.31052,0.37896
161,0.31052,0.31052,0.37896
162,0.31052,0.31052,0.37896
163,0.31052,0.31052,0.37896
164,0.34150,0.28225,0.37626
165,0.34150,0.28225,0.37626
166,0.34150,0.28225,0.37626
167,0.27862,0.27862,0.44277
168,0.32299,0.32299,0.35402
169,0.31052,0.31052,0.37896
170,0.31052,0.31052,0.37896
171,0.31052,0.31052,0.37896
172,0.31052,0.31052,0.37896
173,0.31052,0.31052,0.37896
174,0.31052,0.31052,0.37896
175,0.31052,0.31052,0.37896
176,0.31052,0.31052,0.37896
177,0.35913,0.28401,0.35686
178,0.38250,0.27143,0.34607
179,0.44277,0.27862,0.27862
180,0.43682,0.28159,0.28159
181,0.43682,0.28159,0.28159
182,0.43682,0.28159,0.28159
183,0.28722,0.35866,0.35412
184,0.27336,0.38277,0.34387
185,0.28621,0.35544,0.35835
186,0.28621,0.35544,0.35835
187,0.35592,0.28161,0.36246
188,0.27294,0.38197,0.34509
189,0.27294,0.38197,0.34509
190,0.27294,0.38197,0.34509
191,0.35611,0.32194,0.32194
192,0.35611,0.32194,0.32194
193,0.27430,0.38208,0.34363
194,0.27430,0.38208,0.34363
195,0.35493,0.32254,0.32254
196,0.31544,0.34228,0.34228
197,0.31544,0.34228,0.34228
198,0.28286,0.35775,0.35939
199,0.36120,0.28784,0.35095
200,0.28778,0.34358,0.36864
201,0.28386,0.35532,0.36082
202,0.28386,0.35532,0.36082
203,0.37900,0.28102,0.33998
204,0.37838,0.28116,0.34046
205,0.34531,0.29739,0.35730
206,0.34314,0.28808,0.36879
207,0.26506,0.41902,0.31592
208,0.31592,0.41902,0.26506
209,0.31592,0.41902,0.26506
210,0.31592,0.41902,0.26506
211,0.28411,0.35344,0.36245
212,0.28411,0.35344,0.36245
213,0.29778,0.34249,0.35973
214,0.29778,0.34249,0.35973
215,0.36248,0.27992,0.35760
216,0.26817,0.36511,0.36672
217,0.33921,0.29091,0.36987
218,0.31039,0.34225,0.34736
219,0.27294,0.38197,0.34509
220,0.27294,0.38197,0.34509
221,0.27294,0.38197,0.34509
222,0.32194,0.35611,0.32194
223,0.30116,0.34942,0.34942
224,0.30116,0.34942,0.34942
225,0.35939,0.28286,0.35775
226,0.29816,0.34284,0.35899
227,0.29816,0.34284,0.35899
228,0.28159,0.28159,0.43682
229,0.28159,0.28159,0.43682
230,0.28159,0.28159,0.43682
231,0.28159,0.28159,0.43682
232,0.28159,0.28159,0.43682
233,0.28159,0.28159,0.43682
234,0.28159,0.28159,0.43682
235,0.28159,0.28159,0.43682
236,0.28159,0.28159,0.43682
237,0.28159,0.28159,0.43682
238,0.28159,0.28159,0.43682
239,0.28159,0.28159,0.43682
240,0.28159,0.28159,0.43682
241,0.28159,0.28159,0.43682
242,0.28159,0.28159,0.43682
243,0.32113,0.32113,0.35774
244,0.28159,0.28159,0.43682
245,0.28159,0.28159,0.43682
246,0.28159,0.28159,0.43682
247,0.28159,0.28159,0.43682
248,0.28159,0.28159,0.43682
249,0.28159,0.28159,0.43682
250,0.28159,0.28159,0.43682
251,0.28159,0.28159,0.43682
252,0.28159,0.28159,0.43682
253,0.28159,0.28159,0.43682
254,0.28159,0.28159,0.43682
255,0.28159,0.28159,0.43682
256,0.32113,0.32113,0.35774
257,0.28159,0.28159,0.43682
258,0.28159,0.28159,0.43682
259,0.28159,0.28159,0.43682
260,0.28159,0.28159,0.43682
261,0.28159,0.28159,0.43682
262,0.28159,0.28159,0.43682
263,0.28159,0.28159,0.43682
264,0.28159,0.28159,0.43682
265,0.28159,0.28159,0.43682
266,0.28159,0.28159,0.43682
267,0.28159,0.28159,0.43682
268,0.28159,0.28159,0.43682
269,0.28159,0.28159,0.43682
270,0.28159,0.28159,0.43682
271,0.28159,0.28159,0.43682
272,0.28159,0.28159,0.43682
273,0.28159,0.28159,0.43682
274,0.28159,0.28159,0.43682
275,0.28159,0.28159,0.43682
276,0.28159,0.28159,0.43682
277,0.28159,0.28159,0.43682
278,0.28159,0.28159,0.43682
279,0.28159,0.28159,0.43682
280,0.28159,0.28159,0.43682
281,0.28159,0.28159,0.43682
282,0.28159,0.28159,0.43682
283,0.28159,0.28159,0.43682
284,0.28159,0.28159,0.43682
285,0.28159,0.28159,0.43682
286,0.28159,0.28159,0.43682
287,0.28159,0.28159,0.43682
288,0.28159,0.28159,0.43682
289,0.28159,0.28159,0.43682
290,0.28159,0.28159,0.43682
291,0.28159,0.28159,0.43682
292,0.28159,0.28159,0.43682
293,0.28159,0.28159,0.43682
294,0.28159,0.28159,0.43682
295,0.28159,0.28159,0.43682
296,0.28159,0.28159,0.43682
297,0.28159,0.28159,0.43682
298,0.28159,0.28159,0.43682
299,0.28159,0.28159,0.43682
300,0.28159,0.28159,0.43682
301,0.28159,0.28159,0.43682
302,0.28159,0.28159,0.43682
303,0.35095,0.28784,0.36120
304,0.28159,0.28159,0.43682
305,0.28159,0.28159,0.43682
306,0.28159,0.28159,0.43682
307,0.28159,0.28159,0.43682
308,0.28159,0.28159,0.43682
309,0.28159,0.28159,0.43682
310,0.28159,0.28159,0.43682
311,0.28159,0.28159,0.43682
312,0.32113,0.32113,0.35774
313,0.28159,0.28159,0.43682
314,0.28159,0.28159,0.43682
315,0.28159,0.28159,0.43682
316,0.28159,0.28159,0.43682
317,0.28159,0.28159,0.43682
318,0.28159,0.28159,0.43682
319,0.28159,0.28159,0.43682
320,0.28159,0.28159,0.43682
321,0.28159,0.28159,0.43682
322,0.28159,0.28159,0.43682
323,0.28159,0.28159,0.43682
324,0.28159,0.28159,0.43682
325,0.29108,0.35473,0.35419
326,0.43682,0.28159,0.28159
327,0.43682,0.28159,0.28159
328,0.43682,0.28159,0.28159
329,0.28159,0.28159,0.43682
330,0.28159,0.28159,0.43682
331,0.28159,0.28159,0.43682
332,0.28159,0.28159,0.43682
333,0.28159,0.28159,0.43682
334,0.28159,0.28159,0.43682
335,0.28159,0.28159,0.43682
336,0.28159,0.28159,0.43682
337,0.28159,0.28159,0.43682
338,0.28159,0.28159,0.43682
339,0.28159,0.28159,0.43682
340,0.28159,0.28159,0.43682
341,0.28159,0.28159,0.43682
342,0.28159,0.28159,0.43682
343,0.28159,0.28159,0.43682
344,0.28159,0.28159,0.43682
345,0.28159,0.28159,0.43682
346,0.28159,0.28159,0.43682
347,0.28159,0.28159,0.43682
348,0.28159,0.28159,0.43682
349,0.28159,0.28159,0.43682
350,0.28159,0.28159,0.43682
351,0.28159,0.28159,0.43682
352,0.28159,0.28159,0.43682
353,0.28159,0.28159,0.43682
354,0.28159,0.28159,0.43682
355,0.28159,0.28159,0.43682
356,0.28159,0.28159,0.43682
357,0.28159,0.28159,0.43682
358,0.28159,0.28159,0.43682
359,0.28159,0.28159,0.43682
360,0.28159,0.28159,0.43682
361,0.28159,0.28159,0.43682
362,0.28159,0.28159,0.43682
363,0.28159,0.28159,0.43682
364,0.28159,0.28159,0.43682
365,0.28159,0.28159,0.43682
366,0.28159,0.28159,0.43682
367,0.28159,0.28159,0.43682
368,0.28159,0.28159,0.43682
369,0.28159,0.28159,0.43682
370,0.28159,0.28159,0.43682
371,0.28159,0.28159,0.43682
372,0.28159,0.28159,0.43682
373,0.28159,0.28159,0.43682
374,0.28159,0.28159,0.43682
375,0.28159,0.28159,0.43682
376,0.28159,0.28159,0.43682
377,0.28159,0.28159,0.43682
378,0.28159,0.28159,0.43682
379,0.28159,0.28159,0.43682
380,0.28159,0.28159,0.43682
381,0.28159,0.28159,0.43682
382,0.28159,0.28159,0.43682
383,0.28159,0.28159,0.43682
384,0.28159,0.28159,0.43682
385,0.28159,0.28159,0.43682
386,0.28159,0.28159,0.43682
387,0.28159,0.28159,0.43682
388,0.28159,0.28159,0.43682
389,0.28159,0.28159,0.43682
390,0.28159,0.28159,0.43682
391,0.28159,0.28159,0.43682
392,0.28159,0.28159,0.43682
393,0.28159,0.28159,0.43682
394,0.28159,0.28159,0.43682
395,0.28159,0.28159,0.43682
396,0.28159,0.28159,0.43682
397,0.28159,0.28159,0.43682
398,0.28159,0.28159,0.43682
399,0.28159,0.28159,0.43682
400,0.28159,0.28159,0.43682
401,0.28159,0.28159,0.43682
402,0.28159,0.28159,0.43682
403,0.28159,0.28159,0.43682
404,0.28159,0.28159,0.43682
405,0.28159,0.28159,0.43682
406,0.28159,0.28159,0.43682
407,0.28159,0.28159,0.43682
408,0.28159,0.28159,0.43682
409,0.28159,0.28159,0.43682
410,0.28159,0.28159,0.43682
411,0.28159,0.28159,0.43682
412,0.28159,0.28159,0.43682
413,0.28159,0.28159,0.43682
414,0.28159,0.28159,0.43682
415,0.28159,0.28159,0.43682
416,0.28159,0.28159,0.43682
417,0.28159,0.28159,0.43682
418,0.28159,0.28159,0.43682
419,0.28159,0.28159,0.43682
420,0.28159,0.28159,0.43682
421,0.28159,0.28159,0.43682
422,0.28159,0.28159,0.43682
423,0.28159,0.28159,0.43682
424,0.28159,0.28159,0.43682
425,0.28159,0.28159,0.43682
426,0.28159,0.28159,0.43682
427,0.28159,0.28159,0.43682
428,0.28159,0.28159,0.43682
429,0.28159,0.28159,0.43682
430,0.28159,0.28159,0.43682
431,0.28159,0.28159,0.43682
432,0.28159,0.28159,0.43682
433,0.28159,0.28159,0.43682
434,0.28159,0.28159,0.43682
435,0.28159,0.28159,0.43682
436,0.28159,0.28159,0.43682
437,0.28159,0.28159,0.43682
438,0.28159,0.28159,0.43682
439,0.28159,0.28159,0.43682
440,0.28159,0.28159,0.43682
441,0.28159,0.28159,0.43682
442,0.28159,0.28159,0.43682
443,0.28159,0.28159,0.43682
444,0.28159,0.28159,0.43682
445,0.28159,0.28159,0.43682
446,0.28159,0.28159,0.43682
447,0.28159,0.28159,0.43682
448,0.28159,0.28159,0.43682
449,0.33998,0.28102,0.37900
450,0.28159,0.28159,0.43682
451,0.28159,0.28159,0.43682
452,0.28159,0.28159,0.43682
453,0.28159,0.28159,0.43682
454,0.33993,0.33322,0.32686
455,0.33288,0.33957,0.32755
456,0.28799,0.37196,0.34005
457,0.29108,0.35473,0.35419
458,0.29108,0.35473,0.35419
459,0.29108,0.35473,0.35419
460,0.29108,0.35473,0.35419
461,0.38218,0.30891,0.30891
462,0.43682,0.28159,0.28159
463,0.43682,0.28159,0.28159
464,0.43682,0.28159,0.28159
465,0.43682,0.28159,0.28159
466,0.30084,0.33670,0.36245
467,0.29099,0.36599,0.34302
468,0.26506,0.31592,0.41902
469,0.26506,0.31592,0.41902
470,0.26506,0.31592,0.41902
471,0.26506,0.31592,0.41902
472,0.43682,0.28159,0.28159
473,0.35774,0.32113,0.32113
474,0.29108,0.35473,0.35419
475,0.31544,0.34228,0.34228
476,0.31544,0.34228,0.34228
477,0.31544,0.34228,0.34228
478,0.31544,0.34228,0.34228
479,0.44277,0.27862,0.27862
480,0.28411,0.35344,0.36245
481,0.28482,0.35606,0.35912
482,0.28482,0.35606,0.35912
483,0.28670,0.36338,0.34992
484,0.28621,0.35544,0.35835
485,0.28621,0.35544,0.35835
486,0.31729,0.34136,0.34136
487,0.29788,0.36017,0.34195
488,0.34245,0.29095,0.36660
489,0.29108,0.35473,0.35419
490,0.28562,0.36828,0.34610
491,0.43682,0.28159,0.28159
492,0.43682,0.28159,0.28159
493,0.28901,0.34286,0.36813
494,0.28901,0.34286,0.36813
495,0.28901,0.34286,0.36813
496,0.28449,0.34735,0.36816
497,0.33288,0.32755,0.33957
498,0.43682,0.28159,0.28159
499,0.27294,0.38197,0.34509
500,0.27294,0.38197,0.34509
501,0.34898,0.30203,0.34898
502,0.29148,0.35515,0.35337
503,0.29148,0.35515,0.35337
504,0.34942,0.30116,0.34942
505,0.43682,0.28159,0.28159
506,0.43682,0.28159,0.28159
507,0.30057,0.35974,0.33969
508,0.26506,0.31592,0.41902
509,0.43682,0.28159,0.28159
510,0.43682,0.28159,0.28159
511,0.43682,0.28159,0.28159
512,0.43682,0.28159,0.28159
513,0.43682,0.28159,0.28159
514,0.43682,0.28159,0.28159
515,0.28620,0.35639,0.35740
516,0.29099,0.36599,0.34302
517,0.28482,0.35606,0.35912
518,0.33993,0.32686,0.33322
519,0.43682,0.28159,0.28159
520,0.43682,0.28159,0.28159
521,0.31592,0.41902,0.26506
522,0.32113,0.35774,0.32113
523,0.31592,0.41902,0.26506
524,0.31592,0.41902,0.26506
525,0.26506,0.41902,0.31592
526,0.26506,0.41902,0.31592
527,0.26506,0.41902,0.31592
528,0.26506,0.41902,0.31592
529,0.29091,0.33921,0.36987
530,0.29091,0.33921,0.36987
531,0.29091,0.33921,0.36987
532,0.41902,0.26506,0.31592
533,0.41902,0.26506,0.31592
534,0.33471,0.30101,0.36428
535,0.41902,0.26506,0.31592
536,0.36156,0.28761,0.35082
537,0.29108,0.35473,0.35419
538,0.29108,0.35473,0.35419
539,0.29108,0.35473,0.35419
540,0.29108,0.35473,0.35419
541,0.31039,0.34225,0.34736
542,0.31039,0.34225,0.34736
543,0.32258,0.35541,0.32200
544,0.32258,0.35541,0.32200
545,0.32258,0.35541,0.32200
546,0.32258,0.35541,0.32200
547,0.29872,0.34152,0.35975
548,0.43682,0.28159,0.28159
549,0.43682,0.28159,0.28159
550,0.28386,0.36082,0.35532
551,0.27294,0.38197,0.34509
552,0.31544,0.34228,0.34228
553,0.27024,0.36337,0.36639
554,0.29108,0.35419,0.35473
555,0.29091,0.33921,0.36987
556,0.43682,0.28159,0.28159
557,0.28761,0.36156,0.35082
558,0.29108,0.35419,0.35473
559,0.41902,0.26506,0.31592
560,0.30101,0.33471,0.36428
561,0.43682,0.28159,0.28159
562,0.29108,0.35473,0.35419
563,0.28161,0.35592,0.36246
564,0.28161,0.35592,0.36246
565,0.28161,0.35592,0.36246
566,0.28161,0.36246,0.35592
567,0.28161,0.36246,0.35592
568,0.28161,0.36246,0.35592
569,0.31854,0.34214,0.33931
570,0.27151,0.36543,0.36306
571,0.27151,0.36543,0.36306
572,0.28188,0.35942,0.35870
573,0.27024,0.36337,0.36639
574,0.36864,0.34358,0.28778
575,0.34150,0.37626,0.28225
576,0.36864,0.34358,0.28778
577,0.34150,0.37626,0.28225
578,0.34150,0.37626,0.28225
579,0.43682,0.28159,0.28159
580,0.43682,0.28159,0.28159
581,0.28159,0.43682,0.28159
582,0.28159,0.43682,0.28159
583,0.31592,0.26506,0.41902
584,0.27862,0.27862,0.44277
585,0.27862,0.27862,0.44277
586,0.27862,0.27862,0.44277
587,0.27862,0.27862,0.44277
588,0.27862,0.27862,0.44277
589,0.27862,0.27862,0.44277
590,0.31592,0.26506,0.41902
591,0.27862,0.27862,0.44277
592,0.27862,0.27862,0.44277
593,0.27862,0.27862,0.44277
594,0.27862,0.27862,0.44277
595,0.27862,0.27862,0.44277
596,0.27862,0.27862,0.44277
597,0.27862,0.27862,0.44277
598,0.27862,0.27862,0.44277
599,0.27862,0.27862,0.44277
600,0.27862,0.27862,0.44277
601,0.27862,0.27862,0.44277
602,0.27862,0.27862,0.44277
603,0.27862,0.27862,0.44277
604,0.27862,0.27862,0.44277
605,0.27862,0.27862,0.44277
606,0.27862,0.27862,0.44277
607,0.31592,0.26506,0.41902
608,0.31592,0.26506,0.41902
609,0.27862,0.27862,0.44277
610,0.27862,0.27862,0.44277
611,0.27862,0.27862,0.44277
612,0.27862,0.27862,0.44277
613,0.27862,0.27862,0.44277
614,0.27862,0.27862,0.44277
615,0.27862,0.27862,0.44277
616,0.27862,0.27862,0.44277
617,0.27862,0.27862,0.44277
618,0.27862,0.27862,0.44277
619,0.27862,0.27862,0.44277
620,0.28412,0.35722,0.35866
621,0.31592,0.26506,0.41902
622,0.31592,0.26506,0.41902
623,0.31592,0.26506,0.41902
624,0.27862,0.27862,0.44277
625,0.31592,0.26506,0.41902
626,0.27862,0.27862,0.44277
627,0.27862,0.27862,0.44277
628,0.27862,0.27862,0.44277
629,0.27862,0.27862,0.44277
630,0.27862,0.27862,0.44277
631,0.27862,0.27862,0.44277
632,0.27862,0.27862,0.44277
633,0.27862,0.27862,0.44277
634,0.31592,0.26506,0.41902
635,0.31592,0.26506,0.41902
636,0.27862,0.27862,0.44277
637,0.27862,0.27862,0.44277
638,0.27862,0.27862,0.44277
639,0.27862,0.27862,0.44277
640,0.27862,0.27862,0.44277
641,0.27862,0.27862,0.44277
642,0.27862,0.27862,0.44277
643,0.27862,0.27862,0.44277
644,0.27862,0.27862,0.44277
645,0.27862,0.27862,0.44277
646,0.31592,0.26506,0.41902
647,0.27862,0.27862,0.44277
648,0.27862,0.27862,0.44277
649,0.27862,0.27862,0.44277
650,0.27862,0.27862,0.44277
651,0.27862,0.27862,0.44277
652,0.27862,0.27862,0.44277
653,0.27862,0.27862,0.44277
654,0.27862,0.27862,0.44277
655,0.27862,0.27862,0.44277
656,0.27862,0.27862,0.44277
657,0.31592,0.26506,0.41902
658,0.27862,0.27862,0.44277
659,0.27862,0.27862,0.44277
660,0.27862,0.27862,0.44277
661,0.33998,0.28102,0.37900
662,0.27862,0.27862,0.44277
663,0.27862,0.27862,0.44277
664,0.27862,0.27862,0.44277
665,0.27862,0.27862,0.44277
666,0.27862,0.27862,0.44277
667,0.27862,0.27862,0.44277
668,0.27862,0.27862,0.44277
669,0.27862,0.27862,0.44277
670,0.27862,0.27862,0.44277
671,0.31592,0.26506,0.41902
672,0.27862,0.27862,0.44277
673,0.27862,0.27862,0.44277
674,0.27862,0.27862,0.44277
675,0.27862,0.27862,0.44277
676,0.27862,0.27862,0.44277
677,0.27862,0.27862,0.44277
678,0.27862,0.27862,0.44277
679,0.27862,0.27862,0.44277
680,0.27862,0.27862,0.44277
681,0.27862,0.27862,0.44277
682,0.27862,0.27862,0.44277
683,0.27862,0.27862,0.44277
684,0.27294,0.34509,0.38197
685,0.27294,0.34509,0.38197
686,0.27024,0.36337,0.36639
687,0.27024,0.36337,0.36639
688,0.28116,0.37838,0.34046
689,0.28116,0.37838,0.34046
690,0.38218,0.30891,0.30891
691,0.29108,0.35473,0.35419
692,0.29108,0.35473,0.35419
693,0.29108,0.35473,0.35419
694,0.29108,0.35473,0.35419
695,0.30116,0.34942,0.34942
696,0.30116,0.34942,0.34942
697,0.30084,0.33670,0.36245
698,0.43682,0.28159,0.28159
699,0.43682,0.28159,0.28159
700,0.30116,0.34942,0.34942
701,0.30116,0.34942,0.34942
702,0.31592,0.41902,0.26506
703,0.35913,0.28401,0.35686
704,0.36954,0.28976,0.34070
705,0.36954,0.28976,0.34070
706,0.36934,0.28887,0.34179
707,0.31729,0.34136,0.34136
708,0.35493,0.32254,0.32254
709,0.30116,0.34942,0.34942
710,0.29020,0.33717,0.37263
711,0.28809,0.35276,0.35915
712,0.43682,0.28159,0.28159
713,0.43682,0.28159,0.28159
714,0.43682,0.28159,0.28159
715,0.30101,0.33471,0.36428
716,0.29816,0.34284,0.35899
717,0.28887,0.36934,0.34179
718,0.28778,0.34358,0.36864
719,0.29091,0.33921,0.36987
720,0.28159,0.28159,0.43682
721,0.28159,0.28159,0.43682
722,0.33998,0.28102,0.37900
723,0.28159,0.28159,0.43682
724,0.28159,0.28159,0.43682
725,0.28159,0.28159,0.43682
726,0.28159,0.28159,0.43682
727,0.28159,0.28159,0.43682
728,0.28159,0.28159,0.43682
729,0.28159,0.28159,0.43682
730,0.28159,0.28159,0.43682
731,0.28159,0.28159,0.43682
732,0.28159,0.28159,0.43682
733,0.28159,0.28159,0.43682
734,0.28159,0.28159,0.43682
735,0.28159,0.28159,0.43682
736,0.28159,0.28159,0.43682
737,0.28159,0.28159,0.43682
738,0.28159,0.28159,0.43682
739,0.28159,0.28159,0.43682
740,0.28159,0.28159,0.43682
741,0.28159,0.28159,0.43682
742,0.28159,0.28159,0.43682
743,0.28159,0.28159,0.43682
744,0.28159,0.28159,0.43682
745,0.28159,0.28159,0.43682
746,0.28159,0.28159,0.43682
747,0.28159,0.28159,0.43682
748,0.28159,0.28159,0.43682
749,0.28159,0.28159,0.43682
750,0.28159,0.28159,0.43682
751,0.28159,0.28159,0.43682
752,0.28159,0.28159,0.43682
753,0.28159,0.28159,0.43682
754,0.28159,0.28159,0.43682
755,0.28159,0.28159,0.43682
756,0.29739,0.35730,0.34531
757,0.43682,0.28159,0.28159
758,0.43682,0.28159,0.28159
759,0.34992,0.36338,0.28670
760,0.35547,0.34688,0.29765
761,0.34482,0.28663,0.36855
762,0.34482,0.28663,0.36855
763,0.34576,0.28672,0.36752
764,0.35592,0.28161,0.36246
765,0.35592,0.28161,0.36246
766,0.36246,0.28161,0.35592
767,0.28159,0.43682,0.28159
768,0.28159,0.43682,0.28159
769,0.28159,0.43682,0.28159
770,0.28401,0.35913,0.35686
771,0.43682,0.28159,0.28159
772,0.43682,0.28159,0.28159
773,0.35611,0.32194,0.32194
774,0.28188,0.35942,0.35870
775,0.43682,0.28159,0.28159
776,0.43682,0.28159,0.28159
777,0.43682,0.28159,0.28159
778,0.43682,0.28159,0.28159
779,0.35402,0.32299,0.32299
780,0.28188,0.35942,0.35870
781,0.28188,0.35942,0.35870
782,0.28188,0.35942,0.35870
783,0.35402,0.32299,0.32299
784,0.43682,0.28159,0.28159
785,0.43682,0.28159,0.28159
786,0.43682,0.28159,0.28159
787,0.43682,0.28159,0.28159
788,0.43682,0.28159,0.28159
789,0.35402,0.32299,0.32299
790,0.28401,0.35913,0.35686
791,0.29108,0.35473,0.35419
792,0.27294,0.34509,0.38197
793,0.27992,0.35760,0.36248
794,0.35801,0.34426,0.29773
795,0.29816,0.34284,0.35899
796,0.28386,0.35532,0.36082
797,0.27294,0.34509,0.38197
798,0.28188,0.35870,0.35942
799,0.28188,0.35870,0.35942
800,0.28386,0.36082,0.35532
801,0.28188,0.35870,0.35942
802,0.29168,0.33527,0.37305
803,0.29168,0.33527,0.37305
804,0.29226,0.33933,0.36841
805,0.29226,0.33933,0.36841
806,0.29226,0.33933,0.36841
807,0.26506,0.41902,0.31592
808,0.26506,0.41902,0.31592
809,0.29226,0.33933,0.36841
810,0.31039,0.34225,0.34736
811,0.29872,0.35975,0.34152
812,0.28899,0.36641,0.34459
813,0.27294,0.38197,0.34509
814,0.27294,0.38197,0.34509
815,0.27294,0.38197,0.34509
816,0.26506,0.31592,0.41902
817,0.29108,0.35419,0.35473
818,0.31039,0.34225,0.34736
819,0.29227,0.36672,0.34100
820,0.29226,0.33933,0.36841
821,0.30084,0.33670,0.36245
822,0.31042,0.34602,0.34356
823,0.35894,0.35531,0.28575
824,0.34942,0.30116,0.34942
825,0.34942,0.30116,0.34942
826,0.34255,0.31491,0.34255
827,0.34255,0.31491,0.34255
828,0.34255,0.31491,0.34255
829,0.31592,0.41902,0.26506
830,0.35082,0.36156,0.28761
831,0.28159,0.43682,0.28159
832,0.32194,0.35611,0.32194
833,0.35507,0.28657,0.35836
834,0.30116,0.34942,0.34942
835,0.30116,0.34942,0.34942
836,0.28159,0.28159,0.43682
837,0.36934,0.28887,0.34179
838,0.28159,0.28159,0.43682
839,0.28159,0.28159,0.43682
840,0.28159,0.28159,0.43682
841,0.28159,0.28159,0.43682
842,0.28159,0.28159,0.43682
843,0.28159,0.28159,0.43682
844,0.28159,0.28159,0.43682
845,0.28159,0.28159,0.43682
846,0.28159,0.28159,0.43682
847,0.28159,0.28159,0.43682
848,0.28159,0.28159,0.43682
849,0.28159,0.28159,0.43682
850,0.28159,0.28159,0.43682
851,0.28159,0.28159,0.43682
852,0.28159,0.28159,0.43682
853,0.28159,0.28159,0.43682
854,0.28159,0.28159,0.43682
855,0.28159,0.28159,0.43682
856,0.28159,0.28159,0.43682
857,0.28159,0.28159,0.43682
858,0.28159,0.28159,0.43682
859,0.28159,0.28159,0.43682
860,0.28159,0.28159,0.43682
861,0.28159,0.28159,0.43682
862,0.32113,0.32113,0.35774
863,0.28159,0.28159,0.43682
864,0.32113,0.32113,0.35774
865,0.28159,0.28159,0.43682
866,0.28159,0.28159,0.43682
867,0.28159,0.28159,0.43682
868,0.28159,0.28159,0.43682
869,0.28159,0.28159,0.43682
870,0.28159,0.28159,0.43682
871,0.28159,0.28159,0.43682
872,0.28159,0.28159,0.43682
873,0.35975,0.29872,0.34152
874,0.32113,0.32113,0.35774
875,0.28159,0.28159,0.43682
876,0.28159,0.28159,0.43682
877,0.28159,0.28159,0.43682
878,0.28159,0.28159,0.43682
879,0.28159,0.28159,0.43682
880,0.28159,0.28159,0.43682
881,0.28159,0.28159,0.43682
882,0.28159,0.28159,0.43682
883,0.28159,0.28159,0.43682
884,0.28159,0.28159,0.43682
885,0.28159,0.28159,0.43682
886,0.28159,0.28159,0.43682
887,0.28159,0.28159,0.43682
888,0.28159,0.28159,0.43682
889,0.28159,0.28159,0.43682
890,0.28159,0.28159,0.43682
891,0.28159,0.28159,0.43682
892,0.28159,0.28159,0.43682
893,0.28159,0.28159,0.43682
894,0.28159,0.28159,0.43682
895,0.28159,0.28159,0.43682
896,0.28159,0.28159,0.43682
897,0.28159,0.28159,0.43682
898,0.28159,0.28159,0.43682
899,0.28159,0.28159,0.43682
900,0.28159,0.28159,0.43682
901,0.29663,0.35594,0.34743
902,0.31039,0.34225,0.34736
903,0.29765,0.35547,0.34688
904,0.29108,0.35473,0.35419
905,0.32299,0.35402,0.32299
906,0.32299,0.35402,0.32299
907,0.31039,0.34225,0.34736
908,0.29095,0.36660,0.34245
909,0.29108,0.35473,0.35419
910,0.31042,0.34602,0.34356
911,0.37196,0.34005,0.28799
912,0.28899,0.36641,0.34459
913,0.32882,0.32882,0.34235
914,0.28188,0.35942,0.35870
915,0.28188,0.35942,0.35870
916,0.43682,0.28159,0.28159
917,0.35493,0.32254,0.32254
918,0.32955,0.32955,0.34090
919,0.32955,0.32955,0.34090
920,0.35000,0.30001,0.35000
921,0.35000,0.30001,0.35000
922,0.35000,0.30001,0.35000
923,0.35000,0.30001,0.35000
924,0.35248,0.35783,0.28969
925,0.31393,0.34304,0.34304
926,0.28707,0.35825,0.35468
927,0.28707,0.35825,0.35468
928,0.31005,0.31005,0.37990
929,0.28506,0.36798,0.34696
930,0.28179,0.34104,0.37718
931,0.31005,0.31005,0.37990
932,0.31005,0.31005,0.37990
933,0.29788,0.36017,0.34195
934,0.31005,0.31005,0.37990
935,0.36269,0.35804,0.27927
936,0.32254,0.32254,0.35493
937,0.32254,0.32254,0.35493
938,0.31005,0.31005,0.37990
939,0.31005,0.31005,0.37990
940,0.31005,0.31005,0.37990
941,0.30001,0.35000,0.35000
942,0.34090,0.32955,0.32955
943,0.30001,0.35000,0.35000
944,0.30001,0.35000,0.35000
945,0.30001,0.35000,0.35000
946,0.28969,0.35248,0.35783
947,0.28969,0.35248,0.35783
948,0.29788,0.34195,0.36017
949,0.28179,0.37718,0.34104
950,0.35231,0.32384,0.32384
951,0.35493,0.32254,0.32254
952,0.33879,0.32862,0.33259
953,0.34187,0.31627,0.34187
954,0.34187,0.31627,0.34187
955,0.31627,0.34187,0.34187
956,0.34090,0.32955,0.32955
957,0.31627,0.34187,0.34187
958,0.31627,0.34187,0.34187
959,0.35138,0.36034,0.28828
960,0.35000,0.30001,0.35000
961,0.35000,0.30001,0.35000
962,0.35000,0.30001,0.35000
963,0.35000,0.30001,0.35000
964,0.35000,0.30001,0.35000
965,0.35000,0.30001,0.35000
966,0.35346,0.28772,0.35882
967,0.35346,0.28772,0.35882
968,0.28707,0.35468,0.35825
969,0.30001,0.35000,0.35000
970,0.34187,0.31627,0.34187
971,0.34304,0.31393,0.34304
972,0.35493,0.32254,0.32254
973,0.35493,0.32254,0.32254
974,0.28707,0.35825,0.35468
975,0.29202,0.35178,0.35620
976,0.28969,0.35248,0.35783
977,0.32486,0.35027,0.32486
978,0.32955,0.32955,0.34090
979,0.34971,0.30058,0.34971
980,0.35000,0.35000,0.30001
981,0.35038,0.28714,0.36249
982,0.35000,0.35000,0.30001
983,0.35000,0.35000,0.30001
984,0.35000,0.35000,0.30001
985,0.35000,0.35000,0.30001
986,0.35000,0.35000,0.30001
987,0.35000,0.35000,0.30001
988,0.35000,0.35000,0.30001
989,0.35000,0.35000,0.30001
990,0.35000,0.35000,0.30001
991,0.35000,0.35000,0.30001
992,0.35000,0.35000,0.30001
993,0.35000,0.35000,0.30001
994,0.35000,0.35000,0.30001
995,0.35000,0.35000,0.30001
996,0.35000,0.35000,0.30001
997,0.35000,0.35000,0.30001
998,0.35000,0.35000,0.30001
999,0.35000,0.35000,0.30001
1000,0.35000,0.35000,0.30001
1001,0.35000,0.35000,0.30001
1002,0.35000,0.35000,0.30001
1003,0.35000,0.35000,0.30001
1004,0.35000,0.35000,0.30001
1005,0.35000,0.35000,0.30001
1006,0.35000,0.35000,0.30001
1007,0.35000,0.35000,0.30001
1008,0.35000,0.35000,0.30001
1009,0.35000,0.35000,0.30001
1010,0.35000,0.35000,0.30001
1011,0.35000,0.35000,0.30001
1012,0.35000,0.35000,0.30001
1013,0.35000,0.35000,0.30001
1014,0.35000,0.35000,0.30001
1015,0.35000,0.35000,0.30001
1016,0.35000,0.35000,0.30001
1017,0.35000,0.35000,0.30001
1018,0.35000,0.35000,0.30001
1019,0.35000,0.35000,0.30001
1020,0.35000,0.35000,0.30001
1021,0.35000,0.35000,0.30001
1022,0.35000,0.35000,0.30001
1023,0.35000,0.35000,0.30001
1024,0.35000,0.35000,0.30001
1025,0.35000,0.35000,0.30001
1026,0.35000,0.35000,0.30001
1027,0.35000,0.35000,0.30001
1028,0.35000,0.35000,0.30001
1029,0.35000,0.35000,0.30001
1030,0.35000,0.35000,0.30001
1031,0.35000,0.35000,0.30001
1032,0.35000,0.35000,0.30001
1033,0.35000,0.35000,0.30001
1034,0.35000,0.35000,0.30001
1035,0.35825,0.35468,0.28707
1036,0.35000,0.35000,0.30001
1037,0.35000,0.35000,0.30001
1038,0.35000,0.35000,0.30001
1039,0.35000,0.35000,0.30001
1040,0.35000,0.35000,0.30001
1041,0.35000,0.35000,0.30001
1042,0.35825,0.35468,0.28707
1043,0.35000,0.35000,0.30001
1044,0.35000,0.35000,0.30001
1045,0.35000,0.35000,0.30001
1046,0.35000,0.35000,0.30001
1047,0.35000,0.35000,0.30001
1048,0.35000,0.35000,0.30001
1049,0.35000,0.35000,0.30001
1050,0.32830,0.34340,0.32830
1051,0.28829,0.36046,0.35125
1052,0.28829,0.36046,0.35125
1053,0.28829,0.36046,0.35125
1054,0.32383,0.32383,0.35234
1055,0.32383,0.32383,0.35234
1056,0.32383,0.32383,0.35234
1057,0.32383,0.32383,0.35234
1058,0.32383,0.32383,0.35234
1059,0.32383,0.32383,0.35234
1060,0.32383,0.32383,0.35234
1061,0.32383,0.32383,0.35234
1062,0.32383,0.32383,0.35234
1063,0.32383,0.32383,0.35234
1064,0.32383,0.32383,0.35234
1065,0.32383,0.32383,0.35234
1066,0.32383,0.32383,0.35234
1067,0.32383,0.32383,0.35234
1068,0.32830,0.34340,0.32830
1069,0.28829,0.36046,0.35125
1070,0.34898,0.30203,0.34898
1071,0.34898,0.30203,0.34898
1072,0.30203,0.34898,0.34898
1073,0.34898,0.30203,0.34898
1074,0.36046,0.28829,0.35125
1075,0.29442,0.35279,0.35279
1076,0.29442,0.35279,0.35279
1077,0.29442,0.35279,0.35279
1078,0.35279,0.29442,0.35279
1079,0.35279,0.29442,0.35279
1080,0.35279,0.29442,0.35279
1081,0.35279,0.29442,0.35279
1082,0.35279,0.29442,0.35279
1083,0.35279,0.29442,0.35279
1084,0.35279,0.29442,0.35279
1085,0.35279,0.29442,0.35279
1086,0.35279,0.29442,0.35279
1087,0.35279,0.29442,0.35279
1088,0.35279,0.29442,0.35279
1089,0.35279,0.29442,0.35279
1090,0.34971,0.30058,0.34971
1091,0.34971,0.34971,0.30058
1092,0.35279,0.29442,0.35279
1093,0.35279,0.29442,0.35279
1094,0.35279,0.29442,0.35279
1095,0.35279,0.29442,0.35279
1096,0.35279,0.29442,0.35279
1097,0.35279,0.29442,0.35279
1098,0.35279,0.29442,0.35279
1099,0.35279,0.29442,0.35279
1100,0.35279,0.29442,0.35279
1101,0.35279,0.29442,0.35279
1102,0.35279,0.29442,0.35279
1103,0.35279,0.29442,0.35279
1104,0.35279,0.29442,0.35279
1105,0.35279,0.29442,0.35279
1106,0.35279,0.29442,0.35279
1107,0.35279,0.29442,0.35279
1108,0.35279,0.29442,0.35279
1109,0.35279,0.29442,0.35279
1110,0.35279,0.29442,0.35279
1111,0.35279,0.29442,0.35279
1112,0.35279,0.29442,0.35279
1113,0.35279,0.29442,0.35279
1114,0.35279,0.29442,0.35279
1115,0.35279,0.29442,0.35279
1116,0.35279,0.29442,0.35279
1117,0.35279,0.29442,0.35279
1118,0.35279,0.29442,0.35279
1119,0.35279,0.29442,0.35279
1120,0.35279,0.29442,0.35279
1121,0.35279,0.29442,0.35279
1122,0.35279,0.29442,0.35279
1123,0.35279,0.29442,0.35279
1124,0.35279,0.29442,0.35279
1125,0.35279,0.29442,0.35279
1126,0.35279,0.29442,0.35279
1127,0.29442,0.35279,0.35279
1128,0.34971,0.30058,0.34971
1129,0.35279,0.29442,0.35279
1130,0.35279,0.29442,0.35279
1131,0.35279,0.29442,0.35279
1132,0.28931,0.35183,0.35886
1133,0.35279,0.29442,0.35279
1134,0.35279,0.29442,0.35279
1135,0.35279,0.29442,0.35279
1136,0.35279,0.29442,0.35279
1137,0.35279,0.29442,0.35279
1138,0.35279,0.29442,0.35279
1139,0.35279,0.29442,0.35279
1140,0.35279,0.29442,0.35279
1141,0.35279,0.29442,0.35279
1142,0.35279,0.29442,0.35279
1143,0.35279,0.29442,0.35279
1144,0.35279,0.29442,0.35279
1145,0.35279,0.29442,0.35279
1146,0.34971,0.30058,0.34971
1147,0.35279,0.29442,0.35279
1148,0.35279,0.29442,0.35279
1149,0.35279,0.29442,0.35279
1150,0.35279,0.29442,0.35279
1151,0.35279,0.29442,0.35279
1152,0.35183,0.35886,0.28931
1153,0.29442,0.35279,0.35279
1154,0.35279,0.29442,0.35279
1155,0.35279,0.29442,0.35279
1156,0.35279,0.29442,0.35279
1157,0.35886,0.28931,0.35183
1158,0.35279,0.29442,0.35279
1159,0.35279,0.29442,0.35279
1160,0.35279,0.29442,0.35279
1161,0.35279,0.29442,0.35279
1162,0.35279,0.29442,0.35279
1163,0.35279,0.29442,0.35279
1164,0.35279,0.29442,0.35279
1165,0.34971,0.30058,0.34971
1166,0.35279,0.29442,0.35279
1167,0.35279,0.29442,0.35279
1168,0.30058,0.34971,0.34971
1169,0.35279,0.29442,0.35279
1170,0.35279,0.29442,0.35279
1171,0.34971,0.30058,0.34971
1172,0.35279,0.29442,0.35279
1173,0.35279,0.29442,0.35279
1174,0.35279,0.29442,0.35279
1175,0.35279,0.29442,0.35279
1176,0.35279,0.29442,0.35279
1177,0.35279,0.29442,0.35279
1178,0.35279,0.29442,0.35279
1179,0.35279,0.29442,0.35279
1180,0.35279,0.29442,0.35279
1181,0.35279,0.29442,0.35279
1182,0.35279,0.29442,0.35279
1183,0.35279,0.29442,0.35279
1184,0.28931,0.35183,0.35886
1185,0.29442,0.35279,0.35279
1186,0.35279,0.29442,0.35279
1187,0.35279,0.29442,0.35279
1188,0.35279,0.29442,0.35279
1189,0.35279,0.29442,0.35279
1190,0.29442,0.35279,0.35279
1191,0.29442,0.35279,0.35279
1192,0.35279,0.29442,0.35279
1193,0.35279,0.29442,0.35279
1194,0.35279,0.29442,0.35279
1195,0.29442,0.35279,0.35279
1196,0.34971,0.30058,0.34971
1197,0.34971,0.30058,0.34971
1198,0.35279,0.29442,0.35279
1199,0.35279,0.29442,0.35279
1200,0.35279,0.29442,0.35279
1201,0.35279,0.29442,0.35279
1202,0.35279,0.29442,0.35279
1203,0.35279,0.29442,0.35279
1204,0.35279,0.29442,0.35279
1205,0.35279,0.29442,0.35279
1206,0.35279,0.29442,0.35279
1207,0.34971,0.30058,0.34971
1208,0.34971,0.30058,0.34971
1209,0.35279,0.29442,0.35279
1210,0.35279,0.29442,0.35279
1211,0.35279,0.29442,0.35279
1212,0.35279,0.29442,0.35279
1213,0.35279,0.29442,0.35279
1214,0.35279,0.29442,0.35279
1215,0.35279,0.29442,0.35279
1216,0.35279,0.29442,0.35279
1217,0.28931,0.35886,0.35183
1218,0.35183,0.35886,0.28931
1219,0.35279,0.29442,0.35279
1220,0.35279,0.29442,0.35279
1221,0.35279,0.29442,0.35279
1222,0.29442,0.35279,0.35279
1223,0.29442,0.35279,0.35279
1224,0.35279,0.29442,0.35279
1225,0.35279,0.29442,0.35279
1226,0.35279,0.29442,0.35279
1227,0.35279,0.29442,0.35279
1228,0.35279,0.29442,0.35279
1229,0.35279,0.29442,0.35279
1230,0.35279,0.29442,0.35279
1231,0.35279,0.29442,0.35279
1232,0.35279,0.29442,0.35279
1233,0.35279,0.29442,0.35279
1234,0.35279,0.29442,0.35279
1235,0.35279,0.29442,0.35279
1236,0.35279,0.29442,0.35279
1237,0.35279,0.29442,0.35279
1238,0.35279,0.29442,0.35279
1239,0.35279,0.29442,0.35279
1240,0.34971,0.30058,0.34971
1241,0.34971,0.30058,0.34971
1242,0.34971,0.30058,0.34971
1243,0.34971,0.30058,0.34971
1244,0.34971,0.30058,0.34971
1245,0.34971,0.30058,0.34971
1246,0.34971,0.30058,0.34971
1247,0.34971,0.30058,0.34971
1248,0.34971,0.30058,0.34971
1249,0.34971,0.30058,0.34971
1250,0.34971,0.30058,0.34971
1251,0.34971,0.30058,0.34971
1252,0.34971,0.30058,0.34971
1253,0.35279,0.29442,0.35279
1254,0.35279,0.29442,0.35279
1255,0.35279,0.29442,0.35279
1256,0.35279,0.29442,0.35279
1257,0.35279,0.29442,0.35279
1258,0.35279,0.29442,0.35279
1259,0.35279,0.29442,0.35279
1260,0.35279,0.29442,0.35279
1261,0.34971,0.30058,0.34971
1262,0.35183,0.35886,0.28931
1263,0.35183,0.35886,0.28931
1264,0.34971,0.30058,0.34971
1265,0.35279,0.29442,0.35279
1266,0.35279,0.29442,0.35279
1267,0.35279,0.29442,0.35279
1268,0.35279,0.29442,0.35279
1269,0.35279,0.29442,0.35279
1270,0.32907,0.32907,0.34185
1271,0.34185,0.32907,0.32907
1272,0.34185,0.32907,0.32907
1273,0.34185,0.32907,0.32907
1274,0.34185,0.32907,0.32907
1275,0.34185,0.32907,0.32907
1276,0.32907,0.34185,0.32907
1277,0.32907,0.34185,0.32907
1278,0.32907,0.34185,0.32907
1279,0.32907,0.34185,0.32907
